Lead_ID,First_Name,Last_Name,Full_Name,Email_address,Date_of_Birth,Product_Name,Product_Category
LI-1151-77,Lindsay,Alsopp,Lindsay Alsopp,lalsopp0@army.mil,25/09/1994,Anhee-C,Mystery Kit
LI-0809-60,Hobey,Greber,Hobey Greber,hgreber1@free.fr,26/06/2002,Agyrap-S,Craft
LI-7550-78,Rosette,Cobon,Rosette Cobon,rcobon2@yolasite.com,14/05/1988,Agyrap-S,Craft
LI-1774-52,Jerome,Veldens,Jerome Veldens,jveldens3@blogspot.com,31/08/2001,Anhee-C,Craft
LI-5802-40,Rollins,McShirie,Rollins McShirie,rmcshirie4@msn.com,06/10/1998,Agyrap-S,Craft
LI-5992-77,Charlton,Cosin,Charlton Cosin,ccosin5@dropbox.com,10/09/1989,Anhee-C,Craft
LI-3431-90,Anastassia,Ireland,Anastassia Ireland,aireland6@storify.com,02/08/1997,Anhee-C,Mystery Kit
LI-8479-05,Angelique,Rushmer,Angelique Rushmer,arushmer7@apache.org,12/05/1988,Agyrap-S,Science
LI-8816-06,Aurora,Girardy,Aurora Girardy,agirardy8@sina.com.cn,29/05/1999,Anhee-C,Science
LI-6475-69,Jenilee,Brimley,Jenilee Brimley,jbrimley9@posterous.com,24/01/2001,Agyrap-S,Craft
LI-1981-70,Eustacia,Quadri,Eustacia Quadri,equadria@hibu.com,06/11/1988,Anhee-C,Mystery Kit
LI-7068-32,Skelly,Backwell,Skelly Backwell,sbackwellb@aboutads.info,13/11/2004,Anhee-C,Painting
LI-6912-12,Dorey,Braidman,Dorey Braidman,dbraidmanc@cnet.com,10/09/2001,Agyrap-S,Craft
LI-2069-79,Lincoln,Cavet,Lincoln Cavet,lcavetd@creativecommons.org,21/04/1989,Aurora,Knitting
LI-2140-69,Raychel,Freer,Raychel Freer,rfreere@diigo.com,24/10/1988,Anhee-C,Science
LI-0288-89,Saidee,Radmore,Saidee Radmore,sradmoref@amazon.de,05/04/1987,Anhee-C,Craft
LI-2067-44,Lillis,Puddan,Lillis Puddan,lpuddang@weibo.com,24/04/1990,Aurora,Science
LI-5616-89,Petra,Daout,Petra Daout,pdaouth@google.co.jp,12/01/2003,Anhee-C,Craft
LI-1337-47,Brendan,Morris,Brendan Morris,bmorrisi@wikia.com,01/02/2003,Anhee-C,Craft
LI-2709-21,Camilla,May,Camilla May,cmayj@wired.com,29/01/1988,Phoenix,Craft
LI-9188-75,Major,Fendt,Major Fendt,mfendtk@gnu.org,26/09/1995,Agyrap-S,Craft
LI-1354-41,Deloris,Blick,Deloris Blick,dblickl@barnesandnoble.com,12/10/1990,Anhee-C,Craft
LI-2662-16,Eddy,Crosher,Eddy Crosher,ecrosherm@gizmodo.com,05/09/1993,Agyrap-S,Science
LI-8653-79,Justinn,Engel,Justinn Engel,jengeln@wordpress.org,02/02/2003,Agyrap-S,Craft
LI-3966-66,Gabriell,De Minico,Gabriell De Minico,gdeo@goodreads.com,05/08/1998,Anhee-C,Knitting
LI-1488-73,Xerxes,Ferreli,Xerxes Ferreli,xferrelip@japanpost.jp,30/10/1990,Agyrap-S,Craft
LI-6047-76,Jayme,Thinn,Jayme Thinn,jthinnq@people.com.cn,28/08/1991,Anhee-C,Craft
LI-5460-70,Pierson,Frow,Pierson Frow,pfrowr@clickbank.net,31/08/1997,Anhee-C,Craft
LI-8635-64,Currie,Muddimer,Currie Muddimer,cmuddimers@storify.com,30/07/1991,Anhee-C,Craft
LI-6290-30,Tommie,Charlot,Tommie Charlot,tcharlott@microsoft.com,28/04/1991,Anhee-C,Mystery Kit
LI-2917-84,Sherlocke,Battelle,Sherlocke Battelle,sbattelleu@ted.com,01/12/1994,Anhee-C,Science
LI-6136-53,Pattie,Giovannacc@i,Pattie Giovannacc@i,pgiovannacciv@typepad.com,21/11/2000,Aurora,Mystery Kit
LI-5398-18,Lorette,Hazeman,Lorette Hazeman,lhazemanw@discuz.net,10/03/1990,Aurora,Painting
LI-2011-46,Heather,Muirden,Heather Muirden,hmuirdenx@i2i.jp,26/09/1997,Apollo,Craft
LI-4177-36,Tanny,Dyer,Tanny Dyer,tdyery@icq.com,16/10/1986,Anhee-C,Science
LI-9353-15,Dominga,Chiverstone,Dominga Chiverstone,dchiverstonez@zimbio.com,05/07/1996,Anhee-C,Craft
LI-1597-75,Elga,Whitmore,Elga Whitmore,ewhitmore10@cocolog-nifty.com,06/08/2004,Anhee-C,Craft
LI-3875-09,Dorena,Pepys,Dorena Pepys,dpepys11@skype.com,20/07/1991,Apollo,Craft
LI-8337-25,Lorette,McSwan,Lorette McSwan,lmcswan12@intel.com,02/09/2000,Apollo,Craft
LI-3501-49,Garnet,Latch,Garnet Latch,glatch13@issuu.com,17/08/1992,Phoenix,Craft
LI-7196-00,Anabelle,Boleyn,Anabelle Boleyn,aboleyn14@spotify.com,21/04/1998,Apollo,Craft
LI-2936-10,Rosene,Bastin,Rosene Bastin,rbastin15@51.la,17/12/2004,Apollo,Knitting
LI-2638-81,Roanne,Dreigher,Roanne Dreigher,rdreigher16@lycos.com,06/08/2003,Agyrap-S,Craft
LI-7705-82,Pate,Wolfarth,Pate Wolfarth,pwolfarth17@nifty.com,04/11/1998,Agyrap-S,Science
LI-6407-75,Dennie,Gouldthorpe,Dennie Gouldthorpe,dgouldthorpe18@unc.edu,01/02/1988,Apollo,Mystery Kit
LI-3314-57,Benedicto,Gravet,Benedicto Gravet,bgravet19@forbes.com,29/07/1997,Anhee-C,Christmas
LI-2640-41,Sauncho,Knott,Sauncho Knott,sknott1a@cbslocal.com,28/04/1995,Phoenix,Craft
LI-6721-64,Cally,Salliss,Cally Salliss,csalliss1b@barnesandnoble.com,08/12/1992,Agyrap-S,Craft
LI-9627-44,Colan,Davidov,Colan Davidov,cdavidov1c@usa.gov,16/06/1987,Apollo,Science
LI-9208-31,Steffen,Marion,Steffen Marion,smarion1d@cbslocal.com,05/02/2001,Agyrap-S,Science
LI-7535-57,Dorothea,Dyble,Dorothea Dyble,ddyble1e@unblog.fr,16/09/1994,Aurora,Craft
LI-3801-37,Alexia,Lavall,Alexia Lavall,alavall1f@ifeng.com,05/12/2003,Agyrap-S,Science
LI-1208-53,Cassy,Lysaght,Cassy Lysaght,clysaght1g@google.com.au,15/01/1987,Anhee-C,Craft
LI-0224-64,Mercie,Ludvigsen,Mercie Ludvigsen,mludvigsen1h@newsvine.com,04/01/2002,Agyrap-S,Painting
LI-7328-74,Maurie,MacFadzan,Maurie MacFadzan,mmacfadzan1i@woothemes.com,07/06/1998,Anhee-C,Craft
LI-6364-24,Faulkner,Payfoot,Faulkner Payfoot,fpayfoot1j@psu.edu,22/03/2001,Anhee-C,Craft
LI-2533-78,Audie,Aldine,Audie Aldine,aaldine1k@squarespace.com,12/05/1999,Anhee-C,Craft
LI-3149-92,Brina,McKissack,Brina McKissack,bmckissack1l@desdev.cn,02/04/1989,Anhee-C,Craft
LI-3110-86,Daron,Sweating,Daron Sweating,dsweating1m@reference.com,29/05/1988,Apollo,Craft
LI-7330-90,Aharon,Rolse,Aharon Rolse,arolse1n@sitemeter.com,04/07/1996,Aurora,Science
LI-5092-01,Byrle,M'Quharge,Byrle M'Quharge,bmquharge1o@shareasale.com,07/10/2003,Agyrap-S,Craft
LI-8339-29,Stesha,Creek,Stesha Creek,screek1p@printfriendly.com,21/11/1988,Anhee-C,Craft
LI-1509-44,Willyt,McKelvey,Willyt McKelvey,wmckelvey1q@goo.gl,25/05/2002,Anhee-C,Knitting
LI-8589-56,Myrta,Hankin,Myrta Hankin,mhankin1r@woothemes.com,13/03/1998,Phoenix,Craft
LI-8226-17,Sigvard,Herity,Sigvard Herity,sherity1s@freewebs.com,03/09/2000,Apollo,Craft
LI-5017-53,Corny,Emmison,Corny Emmison,cemmison1t@networksolutions.com,30/07/1995,Apollo,Craft
LI-1833-37,Stevana,Need,Stevana Need,sneed1u@skype.com,20/08/2004,Anhee-C,Science
LI-3575-63,Dredi,Jaquest,Dredi Jaquest,djaquest1v@webeden.co.uk,11/11/1993,Agyrap-S,Craft
LI-4876-47,Marta,Salzberger,Marta Salzberger,msalzberger1w@npr.org,03/11/2003,Sirius,Craft
LI-7789-58,Electra,Kasper,Electra Kasper,ekasper1x@flickr.com,05/05/1989,Anhee-C,Science
LI-4351-28,Marjory,Dargan,Marjory Dargan,mdargan1y@diigo.com,11/06/1988,Anhee-C,Craft
LI-2366-95,Meryl,Murrock,Meryl Murrock,mmurrock1z@deliciousdays.com,01/04/1991,Apollo,Mystery Kit
LI-5002-17,Jolyn,Dyche,Jolyn Dyche,jdyche20@timesonline.co.uk,10/08/1992,Sirius,Science
LI-9166-84,Fredi,Mawhinney,Fredi Mawhinney,fmawhinney21@reverbnation.com,11/10/1986,Anhee-C,Mystery Kit
LI-4566-05,Tracie,Akaster,Tracie Akaster,takaster22@infoseek.co.jp,02/06/1994,Anhee-C,Science
LI-2542-79,Brook,Anstee,Brook Anstee,banstee23@state.tx.us,03/12/2000,Apollo,Craft
LI-1043-35,Christoforo,Rickhuss,Christoforo Rickhuss,crickhuss24@slideshare.net,11/11/1994,Aurora,Craft
LI-9847-93,Dyan,Winton,Dyan Winton,dwinton25@phoca.cz,27/05/1987,Anhee-C,Mystery Kit
LI-5299-32,Lyn,Pocklington,Lyn Pocklington,lpocklington26@qq.com,24/07/2004,Apollo,Science
LI-1245-67,Casi,Gandar,Casi Gandar,cgandar27@mayoclinic.com,26/11/1989,Agyrap-S,Craft
LI-0139-14,Gretal,Stirtle,Gretal Stirtle,gstirtle28@huffingtonpost.com,25/06/2000,Anhee-C,Science
LI-8627-44,Linnell,Bernet,Linnell Bernet,lbernet29@uol.com.br,01/12/1996,Apollo,Science
LI-5640-15,Flossy,Anfonsi,Flossy Anfonsi,fanfonsi2a@netvibes.com,24/12/2004,Anhee-C,Science
LI-4188-43,Graig,Vasilic,Graig Vasilic,gvasilic2b@answers.com,21/07/2002,Sirius,Craft
LI-1881-63,Perkin,Bodker,Perkin Bodker,pbodker2c@feedburner.com,16/09/1989,Anhee-C,Craft
LI-1146-51,Thea,Brood,Thea Brood,tbrood2d@npr.org,13/12/1997,Anhee-C,Craft
LI-4846-32,Vivyanne,Proschek,Vivyanne Proschek,vproschek2e@cloudflare.com,13/05/1987,Sirius,Craft
LI-0930-74,Jocelyn,Sibun,Jocelyn Sibun,jsibun2f@rediff.com,12/09/2000,Anhee-C,Craft
LI-9390-89,Carver,Stoddart,Carver Stoddart,cstoddart2g@google.it,14/08/1989,Aurora,Science
LI-2629-71,Martguerita,Milan,Martguerita Milan,mmilan2h@nsw.gov.au,01/05/1989,Anhee-C,Knitting
LI-9979-84,Amity,Vischi,Amity Vischi,avischi2i@woothemes.com,03/02/1998,Anhee-C,Craft
LI-0535-91,Dulci,Cayle,Dulci Cayle,dcayle2j@geocities.jp,25/01/2002,Agyrap-S,Craft
LI-9705-38,Frants,Bourgourd,Frants Bourgourd,fbourgourd2k@cdc.gov,10/02/1986,Apollo,Mystery Kit
LI-5153-15,Theodor,Curedale,Theodor Curedale,tcuredale2l@umich.edu,06/02/1999,Anhee-C,Knitting
LI-9500-48,Eartha,Gordge,Eartha Gordge,egordge2m@pagesperso-orange.fr,06/10/1991,Anhee-C,Painting
LI-3051-68,Tarrah,Chancellor,Tarrah Chancellor,tchancellor2n@1688.com,07/08/1990,Apollo,Craft
LI-9381-57,Lenard,Roundtree,Lenard Roundtree,lroundtree2o@bandcamp.com,05/08/1991,Anhee-C,Craft
LI-0232-16,Josi,Yegorkin,Josi Yegorkin,jyegorkin2p@illinois.edu,14/05/2002,Apollo,Craft
LI-7049-30,Marinna,Jowsey,Marinna Jowsey,mjowsey2q@dot.gov,06/12/1990,Anhee-C,Mystery Kit
LI-5424-33,Marti,Crilly,Marti Crilly,mcrilly2r@sitemeter.com,11/10/2002,Sirius,Mystery Kit
LI-9651-93,Kristoffer,Tomalin,Kristoffer Tomalin,ktomalin2s@eepurl.com,27/05/1987,Anhee-C,Science
LI-9165-16,Rolf,Jordison,Rolf Jordison,rjordison2t@symantec.com,03/01/1995,Agyrap-S,Craft
LI-3874-97,Arron,McGilbon,Arron McGilbon,amcgilbon2u@cafepress.com,16/05/1995,Apollo,Craft
LI-5001-91,Debi,Cuxson,Debi Cuxson,dcuxson2v@mlb.com,24/08/1996,Anhee-C,Craft
LI-6398-05,Whittaker,Tomasicchio,Whittaker Tomasicchio,wtomasicchio2w@google.de,27/03/1992,Anhee-C,Science
LI-4356-43,Alisa,Took,Alisa Took,atook2x@prlog.org,14/06/2002,Anhee-C,Science
LI-3434-60,Granthem,Anyene,Granthem Anyene,ganyene2y@home.pl,20/05/1997,Apollo,Craft
LI-6746-96,Shawna,Phillippo,Shawna Phillippo,sphillippo2z@opera.com,14/09/1995,Agyrap-S,Science
LI-4471-68,Orella,Ottewill,Orella Ottewill,oottewill30@ucoz.ru,27/01/1998,Apollo,Science
LI-9316-09,Shel,Mullineux,Shel Mullineux,smullineux31@cornell.edu,22/01/1986,Anhee-C,Painting
LI-4127-28,Stepha,Mc Carroll,Stepha Mc Carroll,smc32@google.com.au,27/09/1991,Aurora,Craft
LI-7059-74,Jay,Pickup,Jay Pickup,jpickup33@usatoday.com,02/06/2002,Anhee-C,Craft
LI-4190-83,Heather,Spridgen,Heather Spridgen,hspridgen34@utexas.edu,28/07/1986,Agyrap-S,Craft
LI-3402-42,Shepperd,Carney,Shepperd Carney,scarney35@cbslocal.com,08/03/1997,Anhee-C,Science
LI-5057-29,Kaitlin,Rushmare,Kaitlin Rushmare,krushmare36@telegraph.co.uk,28/12/1999,Aurora,Science
LI-0615-74,Petronia,Razoux,Petronia Razoux,prazoux37@youtube.com,24/05/2004,Agyrap-S,Craft
LI-6469-87,Eolanda,Mewburn,Eolanda Mewburn,emewburn38@posterous.com,29/10/1992,Phoenix,Mystery Kit
LI-8611-93,Anny,Hulatt,Anny Hulatt,ahulatt39@diigo.com,18/11/1994,Anhee-C,Craft
LI-8808-97,Andros,Beard,Andros Beard,abeard3a@wiley.com,25/10/1998,Anhee-C,Craft
LI-0902-74,Petronella,MacCook,Petronella MacCook,pmaccook3b@bandcamp.com,14/08/1992,Agyrap-S,Craft
LI-6646-45,Beatrisa,Balffye,Beatrisa Balffye,bbalffye3c@jiathis.com,27/06/1995,Agyrap-S,Mystery Kit
LI-1366-21,Krystal,Kintzel,Krystal Kintzel,kkintzel3d@tamu.edu,18/07/1998,Agyrap-S,Science
LI-9779-34,Field,Dunks,Field Dunks,fdunks3e@mysql.com,28/11/2003,Agyrap-S,Craft
LI-6146-65,Deanna,Castelli,Deanna Castelli,dcastelli3f@ucoz.com,17/04/1988,Apollo,Mystery Kit
LI-0456-86,Bev,Mathieu,Bev Mathieu,bmathieu3g@pinterest.com,15/03/1991,Anhee-C,Craft
LI-0613-86,Arlyne,Thomsson,Arlyne Thomsson,athomsson3h@uol.com.br,13/09/1997,Proxima-C,Craft
LI-7674-90,Cash,Jane,Cash Jane,cjane3i@mtv.com,25/03/1999,Anhee-C,Craft
LI-6738-42,Tonie,Guillet,Tonie Guillet,tguillet3j@fotki.com,18/07/1997,Anhee-C,Craft
LI-7714-14,Engelbert,Liddell,Engelbert Liddell,eliddell3k@pinterest.com,23/05/1999,Anhee-C,Craft
LI-5513-65,Che,English,Che English,cenglish3l@accuweather.com,10/08/1994,Anhee-C,Craft
LI-4830-23,Paxon,Dewane,Paxon Dewane,pdewane3m@a8.net,03/10/1999,Anhee-C,Craft
LI-4874-14,Elliott,Cayette,Elliott Cayette,ecayette3n@webmd.com,21/12/1987,Agyrap-S,Science
LI-8989-98,Gerda,Gye,Gerda Gye,ggye3o@nymag.com,05/05/1989,Anhee-C,Science
LI-8598-92,Roana,Petraitis,Roana Petraitis,rpetraitis3p@icq.com,13/06/2001,Agyrap-S,Craft
LI-2457-09,Kendal,Redman,Kendal Redman,kredman3q@yandex.ru,13/09/1998,Agyrap-S,Mystery Kit
LI-7374-26,Lavinie,Sutter,Lavinie Sutter,lsutter3r@taobao.com,07/05/1991,Agyrap-S,Mystery Kit
LI-4996-64,Garey,Schultz,Garey Schultz,gschultz3s@msu.edu,26/11/1992,Proxima-C,Knitting
LI-8803-48,Tomkin,Magovern,Tomkin Magovern,tmagovern3t@mac.com,20/07/2002,Apollo,Craft
LI-0690-74,Valene,Beeble,Valene Beeble,vbeeble3u@wunderground.com,16/05/1994,Sirius,Craft
LI-7457-10,Josepha,Dwane,Josepha Dwane,jdwane3v@ebay.com,30/12/1993,Anhee-C,Mystery Kit
LI-0108-32,Zaneta,Vassel,Zaneta Vassel,zvassel3w@cyberchimps.com,11/02/2002,Anhee-C,Craft
LI-0706-55,Lyndsey,Orrum,Lyndsey Orrum,lorrum3x@psu.edu,12/11/2000,Anhee-C,Craft
LI-4038-06,Ruthie,Domeny,Ruthie Domeny,rdomeny3y@utexas.edu,02/04/2002,Agyrap-S,Craft
LI-3574-12,Markos,Trubshawe,Markos Trubshawe,mtrubshawe3z@liveinternet.ru,03/06/2002,Anhee-C,Knitting
LI-5636-94,Rosabella,Minifie,Rosabella Minifie,rminifie40@ftc.gov,19/08/1991,Anhee-C,Mystery Kit
LI-3997-47,Esme,Clackson,Esme Clackson,eclackson41@naver.com,29/07/2000,Anhee-C,Craft
LI-6720-28,Mylo,Alloway,Mylo Alloway,malloway42@t.co,11/08/2002,Agyrap-S,Craft
LI-5797-49,Wallis,Chessell,Wallis Chessell,wchessell43@chronoengine.com,17/10/1995,Sirius,Craft
LI-5959-34,Giffard,Rowena,Giffard Rowena,growena44@unblog.fr,12/11/2004,Agyrap-S,Craft
LI-9052-10,Jess,Turton,Jess Turton,jturton45@macromedia.com,15/05/1990,Anhee-C,Craft
LI-0838-36,Mechelle,Olfert,Mechelle Olfert,molfert46@soup.io,02/05/1988,Anhee-C,Science
LI-3577-41,Rosene,Coggon,Rosene Coggon,rcoggon47@reuters.com,02/12/1996,Aurora,Craft
LI-3707-32,Zabrina,Bearman,Zabrina Bearman,zbearman48@scientificamerican.com,05/10/1993,Agyrap-S,Science
LI-8435-72,Salomi,Goulder,Salomi Goulder,sgoulder49@princeton.edu,30/09/1992,Apollo,Mystery Kit
LI-3446-05,Francesca,Elener,Francesca Elener,felener4a@zdnet.com,19/06/1990,Anhee-C,Craft
LI-5842-55,Euphemia,Parkyns,Euphemia Parkyns,eparkyns4b@imageshack.us,30/10/1986,Apollo,Craft
LI-6224-66,Fey,Gaskoin,Fey Gaskoin,fgaskoin4c@umn.edu,13/09/2001,Anhee-C,Christmas
LI-6183-89,Madlen,Paxton,Madlen Paxton,mpaxton4d@mozilla.com,22/04/1996,Anhee-C,Craft
LI-5412-35,Addy,Banting,Addy Banting,abanting4e@smugmug.com,20/04/1996,Apollo,Science
LI-2643-77,Myrtle,Greenan,Myrtle Greenan,mgreenan4f@rakuten.co.jp,29/07/1993,Anhee-C,Mystery Kit
LI-7544-39,Lew,Laurence,Lew Laurence,llaurence4g@chicagotribune.com,24/11/2000,Agyrap-S,Craft
LI-7188-75,Randi,Dabbs,Randi Dabbs,rdabbs4h@accuweather.com,17/08/1987,Anhee-C,Craft
LI-9808-84,Annelise,Boughen,Annelise Boughen,aboughen4i@desdev.cn,06/02/1998,Aurora,Science
LI-4540-24,Penelope,Wrankmore,Penelope Wrankmore,pwrankmore4j@domainmarket.com,29/06/1987,Aurora,Craft
LI-5916-87,Jyoti,McSperrin,Jyoti McSperrin,jmcsperrin4k@yellowbook.com,07/12/1988,Agyrap-S,Craft
LI-4926-40,Banky,Loftus,Banky Loftus,bloftus4l@icq.com,31/12/1992,Anhee-C,Craft
LI-7946-02,Meagan,Dewfall,Meagan Dewfall,mdewfall4m@nih.gov,22/04/1987,Apollo,Mystery Kit
LI-5315-25,Granthem,Cotterrill,Granthem Cotterrill,gcotterrill4n@ibm.com,31/07/1991,Apollo,Craft
LI-8552-61,Abigale,Wilhelmy,Abigale Wilhelmy,awilhelmy4o@tumblr.com,20/12/1992,Agyrap-S,Science
LI-4690-65,Fae,Giraldo,Fae Giraldo,fgiraldo4p@princeton.edu,10/03/1994,Aurora,Painting
LI-0232-39,Aryn,Georgescu,Aryn Georgescu,ageorgescu4q@blogspot.com,14/08/1990,Agyrap-S,Science
LI-2833-70,Ashley,Bulbrook,Ashley Bulbrook,abulbrook4r@ask.com,04/01/1992,Anhee-C,Science
LI-4302-08,Bertine,Bubbings,Bertine Bubbings,bbubbings4s@nbcnews.com,12/10/1986,Agyrap-S,Science
LI-6687-54,Drake,Favela,Drake Favela,dfavela4t@flavors.me,29/09/1989,Anhee-C,Craft
LI-5321-29,Benny,Abbots,Benny Abbots,babbots4u@gnu.org,07/11/2001,Agyrap-S,Kitchen
LI-4288-85,Katey,Shirtliff,Katey Shirtliff,kshirtliff4v@youtu.be,24/07/1997,Anhee-C,Craft
LI-8931-24,Renata,Duffyn,Renata Duffyn,rduffyn4w@flickr.com,16/11/1986,Anhee-C,Craft
LI-5310-88,Corissa,Roizn,Corissa Roizn,croizn4x@canalblog.com,25/07/2004,Agyrap-S,Craft
LI-8265-80,Emerson,Gellately,Emerson Gellately,egellately4y@mozilla.org,13/11/1987,Sirius,Craft
LI-3365-81,Uriah,Bloschke,Uriah Bloschke,ubloschke4z@discovery.com,28/12/2000,Agyrap-S,Mystery Kit
LI-5688-92,Kerrie,Cejka,Kerrie Cejka,kcejka50@princeton.edu,27/08/1998,Agyrap-S,Science
LI-4837-13,Adelaide,Tett,Adelaide Tett,atett51@mail.ru,01/09/1995,Anhee-C,Craft
LI-5200-12,Byrom,Lumbley,Byrom Lumbley,blumbley52@ezinearticles.com,03/06/1987,Agyrap-S,Mystery Kit
LI-6656-96,Kimball,Ambrogini,Kimball Ambrogini,kambrogini53@auda.org.au,05/12/1997,Apollo,Mystery Kit
LI-7004-56,Sibella,Pleace,Sibella Pleace,spleace54@over-blog.com,06/10/2004,Anhee-C,Mystery Kit
LI-8830-31,Siegfried,Mc-Kerley,Siegfried Mc-Kerley,smckerley55@cloudflare.com,15/05/2002,Agyrap-S,Science
LI-2917-83,Anette,Reolfo,Anette Reolfo,areolfo56@weibo.com,19/11/1997,Anhee-C,Science
LI-0394-86,Opal,Filipczynski,Opal Filipczynski,ofilipczynski57@umich.edu,14/07/1999,Anhee-C,Mystery Kit
LI-2629-62,Babette,Glasby,Babette Glasby,bglasby58@php.net,23/05/2001,Apollo,Science
LI-1035-59,Ignacius,Codrington,Ignacius Codrington,icodrington59@vk.com,28/11/2000,Agyrap-S,Mystery Kit
LI-3157-51,Elie,Mayger,Elie Mayger,emayger5a@irs.gov,09/03/2001,Anhee-C,Mystery Kit
LI-4309-83,Fidole,Maryon,Fidole Maryon,fmaryon5b@intel.com,24/11/1995,Anhee-C,Mystery Kit
LI-8174-52,Sallyann,Bonavia,Sallyann Bonavia,sbonavia5c@xrea.com,25/07/2002,Agyrap-S,Science
LI-7693-22,Douglass,O'Crowley,Douglass O'Crowley,docrowley5d@marriott.com,15/04/1998,Agyrap-S,Craft
LI-7361-52,Trudie,Swatland,Trudie Swatland,tswatland5e@cbc.ca,15/06/1989,Agyrap-S,Craft
LI-9908-32,Kendra,Mudie,Kendra Mudie,kmudie5f@vk.com,04/12/2004,Agyrap-S,Science
LI-0520-65,Marian,Mapother,Marian Mapother,mmapother5g@so-net.ne.jp,25/03/1987,Aurora,Mystery Kit
LI-3484-12,Emanuel,Hattiff,Emanuel Hattiff,ehattiff5h@cpanel.net,05/01/1993,Anhee-C,Craft
LI-9652-10,Lynna,Langshaw,Lynna Langshaw,llangshaw5i@cnbc.com,21/09/1999,Aurora,Craft
LI-3484-03,Morty,Tunniclisse,Morty Tunniclisse,mtunniclisse5j@phpbb.com,08/03/1987,Agyrap-S,Science
LI-4892-52,Herold,Whittlesee,Herold Whittlesee,hwhittlesee5k@drupal.org,19/04/1995,Agyrap-S,Craft
LI-2492-13,Vassili,Sisey,Vassili Sisey,vsisey5l@harvard.edu,20/03/1996,Anhee-C,Craft
LI-1707-00,Cobbie,Degoey,Cobbie Degoey,cdegoey5m@cam.ac.uk,03/01/1996,Sirius,Kitchen
LI-4644-85,Pattie,De Caville,Pattie De Caville,pde5n@hibu.com,02/09/1994,Anhee-C,Craft
LI-0951-12,Eldridge,Cragell,Eldridge Cragell,ecragell5o@lulu.com,08/01/1995,Agyrap-S,Craft
LI-5698-73,Larissa,MacGebenay,Larissa MacGebenay,lmacgebenay5p@intel.com,06/07/1996,Apollo,Craft
LI-1327-27,Gerhardt,Hallihane,Gerhardt Hallihane,ghallihane5q@ucoz.ru,25/04/1998,Anhee-C,Mystery Kit
LI-2320-29,Trumaine,Cabena,Trumaine Cabena,tcabena5r@cargocollective.com,30/12/1993,Anhee-C,Science
LI-6479-18,Jehu,Pollastrino,Jehu Pollastrino,jpollastrino5s@livejournal.com,02/04/1990,Anhee-C,Craft
LI-5898-52,Tatiania,Gynni,Tatiania Gynni,tgynni5t@yellowbook.com,17/11/1997,Agyrap-S,Science
LI-3338-51,Neils,Samson,Neils Samson,nsamson5u@cam.ac.uk,03/09/1989,Anhee-C,Craft
LI-3095-57,Doug,Dabney,Doug Dabney,ddabney5v@yale.edu,08/06/1992,Apollo,Science
LI-8972-25,Natassia,Balazs,Natassia Balazs,nbalazs5w@reverbnation.com,10/03/1990,Sirius,Craft
LI-4660-25,Wolf,Vreiberg,Wolf Vreiberg,wvreiberg5x@simplemachines.org,07/08/1998,Agyrap-S,Craft
LI-4811-30,Fredra,Yearnes,Fredra Yearnes,fyearnes5y@whitehouse.gov,01/03/2002,Anhee-C,Science
LI-0558-00,Ewen,McLaine,Ewen McLaine,emclaine5z@boston.com,15/04/1999,Kits Dragon,Craft
LI-2963-62,Isabelita,Boyfield,Isabelita Boyfield,iboyfield60@cmu.edu,01/08/2001,Anhee-C,Science
LI-0404-69,Pauli,Sinnat,Pauli Sinnat,psinnat61@amazon.de,01/01/1993,Anhee-C,Craft
LI-6609-80,Vin,Lucian,Vin Lucian,vlucian62@ow.ly,14/03/1998,Anhee-C,Science
LI-0737-77,Nickola,Geertsen,Nickola Geertsen,ngeertsen63@patch.com,02/09/2003,Anhee-C,Knitting
LI-7577-93,Doreen,Meric,Doreen Meric,dmeric64@netscape.com,17/01/1988,Agyrap-S,Craft
LI-8744-25,Van,McAuslan,Van McAuslan,vmcauslan65@storify.com,24/06/1997,Anhee-C,Painting
LI-5726-59,Avrit,Deelay,Avrit Deelay,adeelay66@about.me,12/01/1995,Apollo,Science
LI-9822-02,Garreth,Pattrick,Garreth Pattrick,gpattrick67@geocities.jp,02/08/1998,Agyrap-S,Science
LI-1044-14,Alva,Reeson,Alva Reeson,areeson68@weebly.com,25/09/1989,Anhee-C,Knitting
LI-1241-07,Debbie,Brownell,Debbie Brownell,dbrownell69@360.cn,10/11/2004,Anhee-C,Painting
LI-2249-43,Brnaba,Musso,Brnaba Musso,bmusso6a@imageshack.us,08/09/1986,Sirius,Craft
LI-4405-67,Hedwiga,Esslement,Hedwiga Esslement,hesslement6b@wunderground.com,25/01/2004,Agyrap-S,Knitting
LI-8906-81,Junia,Tite,Junia Tite,jtite6c@opera.com,13/08/1997,Anhee-C,Craft
LI-2827-39,Fanechka,Watton,Fanechka Watton,fwatton6d@tamu.edu,14/06/2003,Anhee-C,Mystery Kit
LI-2792-71,Angil,Standish-Brooks,Angil Standish-Brooks,astandishbrooks6e@cafepress.com,30/11/1997,Phoenix,Science
LI-8515-04,Claus,Garment,Claus Garment,cgarment6f@miibeian.gov.cn,02/12/1995,Agyrap-S,Craft
LI-4112-48,Immanuel,Ritch,Immanuel Ritch,iritch6g@usda.gov,03/10/2000,Anhee-C,Mystery Kit
LI-3521-96,Berti,Dargue,Berti Dargue,bdargue6h@bandcamp.com,11/09/1998,Apollo,Craft
LI-6810-22,Morissa,Dixcee,Morissa Dixcee,mdixcee6i@redcross.org,07/05/2003,Agyrap-S,Craft
LI-7536-86,Damita,Poad,Damita Poad,dpoad6j@prweb.com,13/09/2004,Anhee-C,Science
LI-6943-77,Grantley,Timny,Grantley Timny,gtimny6k@jiathis.com,31/01/2004,Anhee-C,Painting
LI-7433-78,Mathew,Moralas,Mathew Moralas,mmoralas6l@amazon.co.jp,15/02/1999,Anhee-C,Craft
LI-3480-57,Em,Giercke,Em Giercke,egiercke6m@nydailynews.com,13/03/2002,Agyrap-S,Science
LI-9015-90,Cate,Rassell,Cate Rassell,crassell6n@theguardian.com,22/08/1988,Anhee-C,Christmas
LI-7824-58,Junette,Brace,Junette Brace,jbrace6o@pcworld.com,16/11/1991,Anhee-C,Science
LI-7299-75,Anthe,Percifer,Anthe Percifer,apercifer6p@cbsnews.com,26/06/2002,Anhee-C,Craft
LI-8855-16,Agustin,Syddall,Agustin Syddall,asyddall6q@photobucket.com,15/10/1998,Anhee-C,Painting
LI-4840-00,Ed,Knibley,Ed Knibley,eknibley6r@hexun.com,07/08/1997,Anhee-C,Knitting
LI-5339-25,Quinton,Dootson,Quinton Dootson,qdootson6s@yellowpages.com,11/06/2000,Apollo,Mystery Kit
LI-8901-36,Noelyn,O'Scannill,Noelyn O'Scannill,noscannill6t@yellowbook.com,04/03/1990,Agyrap-S,Mystery Kit
LI-4990-09,Astrid,Domegan,Astrid Domegan,adomegan6u@gravatar.com,17/01/2000,Anhee-C,Science
LI-3216-08,Dix,Billingsley,Dix Billingsley,dbillingsley6v@bluehost.com,10/07/1996,Phoenix,Mystery Kit
LI-4336-25,Margaretta,Yashanov,Margaretta Yashanov,myashanov6w@wikia.com,22/02/1996,Phoenix,Mystery Kit
LI-5382-14,Nealson,McLewd,Nealson McLewd,nmclewd6x@rakuten.co.jp,28/10/2003,Apollo,Mystery Kit
LI-4219-38,Shaylyn,Bickardike,Shaylyn Bickardike,sbickardike6y@sitemeter.com,23/02/1994,Aurora,Craft
LI-2471-82,Clemmie,Peachment,Clemmie Peachment,cpeachment6z@nbcnews.com,05/05/2001,Apollo,Painting
LI-0262-41,Jo-anne,Dalby,Jo-anne Dalby,jdalby70@illinois.edu,21/08/1997,Apollo,Science
LI-0320-10,Jillayne,Hubback,Jillayne Hubback,jhubback71@livejournal.com,14/02/1986,Anhee-C,Craft
LI-7731-44,Arte,Draxford,Arte Draxford,adraxford72@umich.edu,02/07/1989,Anhee-C,Knitting
LI-8788-03,Joane,Hardiman,Joane Hardiman,jhardiman73@usa.gov,05/07/2000,Anhee-C,Craft
LI-8970-74,Stephine,Schrieves,Stephine Schrieves,sschrieves74@xrea.com,16/09/2004,Anhee-C,Craft
LI-7164-07,Esme,D'Costa,Esme D'Costa,edcosta75@rambler.ru,13/06/2002,Anhee-C,Knitting
LI-7590-05,Halsy,Farbrace,Halsy Farbrace,hfarbrace76@wp.com,18/09/2004,Anhee-C,Craft
LI-6319-98,Yuma,Polfer,Yuma Polfer,ypolfer77@weibo.com,24/11/1988,Anhee-C,Craft
LI-5390-24,Moyra,Abramowitz,Moyra Abramowitz,mabramowitz78@sciencedaily.com,09/01/1987,Agyrap-S,Craft
LI-4873-13,Murdock,Dundredge,Murdock Dundredge,mdundredge79@webeden.co.uk,03/12/1990,Sirius,Craft
LI-7102-71,Walt,Vasishchev,Walt Vasishchev,wvasishchev7a@ibm.com,30/05/1986,Aurora,Craft
LI-5953-72,Englebert,Gentreau,Englebert Gentreau,egentreau7b@nsw.gov.au,24/10/2001,Anhee-C,Knitting
LI-1834-68,Kori,Kift,Kori Kift,kkift7c@techcrunch.com,25/08/1990,Anhee-C,Science
LI-3487-75,Maggee,Gartside,Maggee Gartside,mgartside7d@constantcontact.com,15/07/1998,Anhee-C,Mystery Kit
LI-1066-53,Janetta,Boissier,Janetta Boissier,jboissier7e@prnewswire.com,07/02/2002,Anhee-C,Science
LI-1516-72,Rhody,Lebel,Rhody Lebel,rlebel7f@amazon.co.uk,12/08/1990,Anhee-C,Craft
LI-1083-18,Charil,Beevers,Charil Beevers,cbeevers7g@marketwatch.com,17/08/1989,Aurora,Mystery Kit
LI-2939-62,Helen-elizabeth,Bernade,Helen-elizabeth Bernade,hbernade7h@drupal.org,01/02/1994,Anhee-C,Craft
LI-9562-12,Rudolph,Cavanagh,Rudolph Cavanagh,rcavanagh7i@instagram.com,19/06/1986,Agyrap-S,Mystery Kit
LI-1717-81,Cathlene,Wooton,Cathlene Wooton,cwooton7j@t-online.de,03/02/1993,Anhee-C,Mystery Kit
LI-2610-38,Ugo,Kybbye,Ugo Kybbye,ukybbye7k@printfriendly.com,19/07/1992,Apollo,Craft
LI-5983-17,Griffy,Vance,Griffy Vance,gvance7l@storify.com,21/06/1986,Agyrap-S,Science
LI-9321-35,Ryley,Attwoull,Ryley Attwoull,rattwoull7m@nationalgeographic.com,06/12/1997,Anhee-C,Craft
LI-9936-58,Phylis,Zamudio,Phylis Zamudio,pzamudio7n@ucla.edu,31/05/2003,Agyrap-S,Mystery Kit
LI-4496-77,Wrennie,Leehane,Wrennie Leehane,wleehane7o@hugedomains.com,28/06/2002,Aurora,Craft
LI-8535-16,Hugh,Manson,Hugh Manson,hmanson7p@bandcamp.com,01/07/1996,Anhee-C,Craft
LI-9081-57,Matthew,Hebborn,Matthew Hebborn,mhebborn7q@wunderground.com,17/03/1991,Phoenix,Painting
LI-9520-35,Daveen,McCourt,Daveen McCourt,dmccourt7r@comsenz.com,23/01/1996,Anhee-C,Mystery Kit
LI-3788-52,Florentia,Halsall,Florentia Halsall,fhalsall7s@istockphoto.com,13/06/2000,Anhee-C,Craft
LI-9651-79,Tedd,Craydon,Tedd Craydon,tcraydon7t@so-net.ne.jp,20/03/2001,Agyrap-S,Craft
LI-8649-77,Diane,Jandl,Diane Jandl,djandl7u@amazon.de,02/12/2002,Agyrap-S,Painting
LI-6175-23,Nancy,Emanueli,Nancy Emanueli,nemanueli7v@oakley.com,11/04/1991,Anhee-C,Craft
LI-8542-98,Risa,Fomichyov,Risa Fomichyov,rfomichyov7w@businesswire.com,09/07/1988,Agyrap-S,Tech
LI-9214-25,Jacqueline,Husthwaite,Jacqueline Husthwaite,jhusthwaite7x@si.edu,01/04/1990,Apollo,Mystery Kit
LI-5957-65,Owen,Siggins,Owen Siggins,osiggins7y@live.com,28/02/1992,Anhee-C,Painting
LI-5134-39,Erhard,Streeten,Erhard Streeten,estreeten7z@list-manage.com,29/09/1989,Agyrap-S,Mystery Kit
LI-7971-37,Kevin,Aspey,Kevin Aspey,kaspey80@yelp.com,01/06/1987,Anhee-C,Mystery Kit
LI-2379-70,Norine,McKleod,Norine McKleod,nmckleod81@studiopress.com,24/09/1997,Anhee-C,Craft
LI-0654-61,Rosina,Wyndham,Rosina Wyndham,rwyndham82@ning.com,04/10/1993,Anhee-C,Knitting
LI-1279-59,Bond,Boow,Bond Boow,bboow83@drupal.org,10/06/2002,Aurora,Craft
LI-0555-38,Garvin,Wylder,Garvin Wylder,gwylder84@army.mil,13/08/1990,Agyrap-S,Craft
LI-1432-88,Orbadiah,Gammon,Orbadiah Gammon,ogammon85@theatlantic.com,02/02/1986,Anhee-C,Craft
LI-6286-05,Madalyn,Jewer,Madalyn Jewer,mjewer86@google.cn,08/07/2003,Apollo,Craft
LI-3347-64,Perla,Poyle,Perla Poyle,ppoyle87@spiegel.de,29/06/1997,Agyrap-S,Science
LI-4667-72,Reade,Jaxon,Reade Jaxon,rjaxon88@nhs.uk,11/12/1993,Anhee-C,Craft
LI-3897-10,Candie,Laffranconi,Candie Laffranconi,claffranconi89@ocn.ne.jp,30/06/1992,Anhee-C,Science
LI-7918-26,Jamaal,Beddingham,Jamaal Beddingham,jbeddingham8a@lycos.com,24/02/2004,Anhee-C,Craft
LI-0434-41,Hallie,Arlott,Hallie Arlott,harlott8b@g.co,15/09/1998,Agyrap-S,Craft
LI-6705-87,Amber,Rycraft,Amber Rycraft,arycraft8c@sciencedirect.com,31/03/1996,Agyrap-S,Craft
LI-8714-40,Cherye,Snelle,Cherye Snelle,csnelle8d@hp.com,01/03/1992,Apollo,Craft
LI-3631-66,Ashlen,Kelling,Ashlen Kelling,akelling8e@icio.us,09/09/1988,Anhee-C,Craft
LI-9504-95,Way,Luckcock,Way Luckcock,wluckcock8f@mail.ru,24/02/1999,Sirius,Science
LI-9643-25,Sisile,Clayden,Sisile Clayden,sclayden8g@loc.gov,01/05/2002,Agyrap-S,Science
LI-6709-90,Miltie,Craghead,Miltie Craghead,mcraghead8h@artisteer.com,29/08/1996,Apollo,Craft
LI-0154-39,Waldo,Cozzi,Waldo Cozzi,wcozzi8i@miitbeian.gov.cn,09/11/1989,Agyrap-S,Craft
LI-5454-55,Hilary,Hatherell,Hilary Hatherell,hhatherell8j@prlog.org,14/03/1997,Agyrap-S,Craft
LI-7627-61,Chloe,Peeter,Chloe Peeter,cpeeter8k@europa.eu,04/01/1989,Anhee-C,Mystery Kit
LI-4989-84,Olia,Skacel,Olia Skacel,oskacel8l@paypal.com,14/03/1990,Agyrap-S,Craft
LI-5477-57,Patrick,Barnsdale,Patrick Barnsdale,pbarnsdale8m@furl.net,11/05/1999,Anhee-C,Science
LI-3144-83,Merrick,Baradel,Merrick Baradel,mbaradel8n@nih.gov,12/11/1994,Agyrap-S,Craft
LI-6971-45,Chickie,Botfield,Chickie Botfield,cbotfield8o@techcrunch.com,26/04/1990,Apollo,Kitchen
LI-8372-16,Cymbre,Turpey,Cymbre Turpey,cturpey8p@marriott.com,25/12/2004,Anhee-C,Craft
LI-7837-04,Arabela,Saile,Arabela Saile,asaile8q@hc360.com,22/09/2000,Anhee-C,Craft
LI-8812-91,Ailsun,Furmage,Ailsun Furmage,afurmage8r@globo.com,24/01/2003,Anhee-C,Craft
LI-5587-10,Alane,Rudsdale,Alane Rudsdale,arudsdale8s@deviantart.com,15/12/2000,Agyrap-S,Science
LI-1210-50,Gerrard,Palomba,Gerrard Palomba,gpalomba8t@ezinearticles.com,09/11/1990,Aurora,Mystery Kit
LI-6086-60,Deloria,Thouless,Deloria Thouless,dthouless8u@miibeian.gov.cn,06/02/1987,Agyrap-S,Craft
LI-1861-58,Sarge,Fearnehough,Sarge Fearnehough,sfearnehough8v@census.gov,11/05/1993,Anhee-C,Science
LI-2415-57,Pavia,Piatek,Pavia Piatek,ppiatek8w@aol.com,10/07/1988,Anhee-C,Craft
LI-3511-44,Gertie,Radden,Gertie Radden,gradden8x@vistaprint.com,29/01/2001,Agyrap-S,Mystery Kit
LI-7545-54,Kurtis,Edmenson,Kurtis Edmenson,kedmenson8y@last.fm,09/02/1989,Agyrap-S,Science
LI-2302-97,Hirsch,Waren,Hirsch Waren,hwaren8z@mashable.com,07/06/2004,Aurora,Craft
LI-7021-39,Janenna,Bertolin,Janenna Bertolin,jbertolin90@tinypic.com,05/06/1992,Agyrap-S,Mystery Kit
LI-7443-78,Alasdair,Carlo,Alasdair Carlo,acarlo91@printfriendly.com,24/11/1991,Anhee-C,Craft
LI-5909-70,Darline,Skea,Darline Skea,dskea92@huffingtonpost.com,13/12/1995,Apollo,Craft
LI-8681-38,Noam,Bowart,Noam Bowart,nbowart93@youtu.be,31/01/1992,Agyrap-S,Science
LI-1042-57,Mirabel,MacKartan,Mirabel MacKartan,mmackartan94@theguardian.com,02/01/1995,Agyrap-S,Craft
LI-5937-65,Geoffrey,Fidge,Geoffrey Fidge,gfidge95@amazon.com,12/03/1986,Apollo,Mystery Kit
LI-8657-68,Barry,Kunzel,Barry Kunzel,bkunzel96@ucla.edu,29/09/2000,Apollo,Mystery Kit
LI-4219-25,Glynn,Gilman,Glynn Gilman,ggilman97@topsy.com,22/01/2000,Anhee-C,Craft
LI-1212-62,Andris,Brinson,Andris Brinson,abrinson98@hao123.com,17/10/1994,Agyrap-S,Craft
LI-9794-97,Ernesto,Gribbin,Ernesto Gribbin,egribbin99@narod.ru,08/04/1995,Anhee-C,Painting
LI-5592-83,Dorothy,Danielovitch,Dorothy Danielovitch,ddanielovitch9a@cargocollective.com,30/11/1995,Agyrap-S,Knitting
LI-2378-15,Caron,Jutson,Caron Jutson,cjutson9b@furl.net,09/05/2003,Agyrap-S,Knitting
LI-2513-93,Bendite,Albon,Bendite Albon,balbon9c@businessweek.com,22/05/1993,Agyrap-S,Craft
LI-3014-26,Erena,Flavelle,Erena Flavelle,eflavelle9d@mail.ru,12/10/2001,Anhee-C,Craft
LI-1065-02,Donia,Meas,Donia Meas,dmeas9e@theguardian.com,15/06/1990,Anhee-C,Science
LI-6510-53,Alberta,Pithie,Alberta Pithie,apithie9f@businesswire.com,19/12/1997,Agyrap-S,Science
LI-0146-39,Rosana,Wasteney,Rosana Wasteney,rwasteney9g@huffingtonpost.com,16/02/1989,Agyrap-S,Mystery Kit
LI-3196-44,Korry,Georgeau,Korry Georgeau,kgeorgeau9h@prlog.org,30/07/1996,Sirius,Craft
LI-8203-13,Dorey,Newart,Dorey Newart,dnewart9i@samsung.com,05/04/1990,Sirius,Craft
LI-4505-48,Dagmar,Shawl,Dagmar Shawl,dshawl9j@goodreads.com,29/12/2000,Agyrap-S,Science
LI-9420-39,Hillyer,Francom,Hillyer Francom,hfrancom9k@nasa.gov,25/11/2003,Agyrap-S,Craft
LI-0329-47,Bobbe,Haly,Bobbe Haly,bhaly9l@ameblo.jp,25/02/1989,Agyrap-S,Mystery Kit
LI-3792-29,Maggi,Selbie,Maggi Selbie,mselbie9m@typepad.com,27/04/1991,Anhee-C,Painting
LI-2851-59,Barbabra,Karmel,Barbabra Karmel,bkarmel9n@multiply.com,19/03/1998,Agyrap-S,Science
LI-1370-41,Abagael,Veld,Abagael Veld,aveld9o@sourceforge.net,04/01/2001,Sirius,Science
LI-7738-13,Letty,Rofe,Letty Rofe,lrofe9p@alexa.com,27/04/1995,Anhee-C,Craft
LI-3584-43,Jennica,Broek,Jennica Broek,jbroek9q@edublogs.org,13/10/2000,Apollo,Craft
LI-5553-09,Lexine,Reeken,Lexine Reeken,lreeken9r@answers.com,19/04/2004,Agyrap-S,Craft
LI-9144-32,Elora,Jelks,Elora Jelks,ejelks9s@csmonitor.com,29/09/2002,Apollo,Mystery Kit
LI-3398-79,Kaine,Weathey,Kaine Weathey,kweathey9t@xinhuanet.com,24/12/1987,Apollo,Craft
LI-5755-57,Andriette,Northcote,Andriette Northcote,anorthcote9u@dailymotion.com,07/03/1998,Anhee-C,Science
LI-1689-17,Verina,Gittings,Verina Gittings,vgittings9v@amazon.co.uk,07/10/1992,Anhee-C,Craft
LI-8846-81,Rikki,Daughtrey,Rikki Daughtrey,rdaughtrey9w@wufoo.com,16/11/1991,Anhee-C,Mystery Kit
LI-4905-61,Darlleen,Pithie,Darlleen Pithie,dpithie9x@bluehost.com,12/04/1996,Anhee-C,Science
LI-0916-87,Ede,Mallya,Ede Mallya,emallya9y@studiopress.com,04/08/1990,Anhee-C,Painting
LI-3457-54,Suzie,Hellewell,Suzie Hellewell,shellewell9z@sun.com,03/05/1994,Anhee-C,Craft
LI-2868-21,Janaya,Arondel,Janaya Arondel,jarondela0@engadget.com,11/10/1989,Aurora,Science
LI-4152-35,Geri,De Fraine,Geri De Fraine,gdea1@imageshack.us,29/06/1997,Agyrap-S,Mystery Kit
LI-0532-24,Monty,Deakins,Monty Deakins,mdeakinsa2@netscape.com,29/03/1998,Apollo,Knitting
LI-9906-46,Maxi,Epple,Maxi Epple,mepplea3@sun.com,15/06/1997,Anhee-C,Craft
LI-5362-77,Bren,Mulvihill,Bren Mulvihill,bmulvihilla4@livejournal.com,02/03/1996,Anhee-C,Craft
LI-0014-24,Warde,Calcutt,Warde Calcutt,wcalcutta5@a8.net,22/09/2004,Anhee-C,Painting
LI-0397-09,Dael,Ninotti,Dael Ninotti,dninottia6@vistaprint.com,14/10/2001,Apollo,Craft
LI-9809-81,Herculie,Grebner,Herculie Grebner,hgrebnera7@cam.ac.uk,21/12/1986,Apollo,Science
LI-5007-96,Elton,Douberday,Elton Douberday,edouberdaya8@free.fr,23/09/1997,Sirius,Science
LI-4129-87,Cozmo,Wilby,Cozmo Wilby,cwilbya9@usa.gov,28/12/1986,Anhee-C,Mystery Kit
LI-8905-07,Rosemary,Maybury,Rosemary Maybury,rmayburyaa@gravatar.com,21/07/2000,Anhee-C,Mystery Kit
LI-5006-25,Maxy,D'eath,Maxy D'eath,mdeathab@redcross.org,18/02/2001,Anhee-C,Science
LI-6205-93,Lanni,Bannister,Lanni Bannister,lbannisterac@moonfruit.com,08/10/1996,Anhee-C,Craft
LI-7332-39,Rafaelia,Hort,Rafaelia Hort,rhortad@163.com,08/08/1993,Agyrap-S,Craft
LI-1990-55,Stormy,Esherwood,Stormy Esherwood,sesherwoodae@godaddy.com,21/08/1988,Anhee-C,Science
LI-0990-62,Hugh,Braz,Hugh Braz,hbrazaf@go.com,17/07/1996,Agyrap-S,Mystery Kit
LI-2730-19,Orv,Scragg,Orv Scragg,oscraggag@wikimedia.org,20/03/2003,Agyrap-S,Craft
LI-4483-32,Rahel,Renne,Rahel Renne,rrenneah@xing.com,04/03/1999,Anhee-C,Craft
LI-1539-71,Bay,Rosso,Bay Rosso,brossoai@mapy.cz,16/08/2002,Sirius,Science
LI-0444-71,Deny,Povah,Deny Povah,dpovahaj@craigslist.org,05/09/1986,Anhee-C,Craft
LI-1096-49,Halli,Trembley,Halli Trembley,htrembleyak@wufoo.com,15/11/2001,Anhee-C,Science
LI-0727-37,Merrili,McCarle,Merrili McCarle,mmccarleal@chicagotribune.com,11/03/1995,Agyrap-S,Craft
LI-2135-46,Hildegaard,Callaby,Hildegaard Callaby,hcallabyam@psu.edu,28/01/1993,Anhee-C,Mystery Kit
LI-4526-38,Cathrin,Snow,Cathrin Snow,csnowan@prlog.org,14/01/1988,Agyrap-S,Craft
LI-3632-12,Brad,Cambridge,Brad Cambridge,bcambridgeao@chron.com,15/08/1997,Apollo,Science
LI-8447-55,Lester,Sorrell,Lester Sorrell,lsorrellap@nyu.edu,26/02/1995,Anhee-C,Craft
LI-9868-33,Parrnell,Kilty,Parrnell Kilty,pkiltyaq@fda.gov,02/05/2002,Anhee-C,Craft
LI-4138-31,Lemuel,Gronous,Lemuel Gronous,lgronousar@noaa.gov,24/04/1995,Anhee-C,Tech
LI-5825-40,Gilberta,Pavey,Gilberta Pavey,gpaveyas@elegantthemes.com,11/02/1987,Aurora,Craft
LI-9738-03,Gracia,Willavize,Gracia Willavize,gwillavizeat@list-manage.com,01/02/1998,Anhee-C,Mystery Kit
LI-8708-13,Forrest,Pottiphar,Forrest Pottiphar,fpottipharau@globo.com,17/11/1993,Agyrap-S,Craft
LI-7144-59,Griffie,Long,Griffie Long,glongav@state.gov,15/06/1994,Anhee-C,Science
LI-7129-94,Kimble,Leaman,Kimble Leaman,kleamanaw@hatena.ne.jp,30/12/1992,Anhee-C,Science
LI-1522-44,Charmain,Darby,Charmain Darby,cdarbyax@washingtonpost.com,15/05/1995,Anhee-C,Science
LI-3604-75,Beret,Crighton,Beret Crighton,bcrightonay@timesonline.co.uk,07/10/2002,Anhee-C,Craft
LI-1091-54,Pembroke,Dupoy,Pembroke Dupoy,pdupoyaz@elegantthemes.com,19/08/1998,Agyrap-S,Mystery Kit
LI-5728-62,Rubie,Onthank,Rubie Onthank,ronthankb0@google.it,10/10/1998,Sirius,Science
LI-1847-69,Bay,Diggons,Bay Diggons,bdiggonsb1@nsw.gov.au,29/12/1992,Anhee-C,Painting
LI-7554-54,Dill,Thomazin,Dill Thomazin,dthomazinb2@opensource.org,10/06/1987,Anhee-C,Craft
LI-3276-63,Marieann,Grgic,Marieann Grgic,mgrgicb3@sphinn.com,08/01/1995,Apollo,Science
LI-3127-81,Michael,Kinnane,Michael Kinnane,mkinnaneb4@alibaba.com,29/11/1991,Apollo,Science
LI-8160-86,Burnaby,Gellier,Burnaby Gellier,bgellierb5@fotki.com,23/10/2000,Aurora,Craft
LI-0140-74,Denyse,Clancey,Denyse Clancey,dclanceyb6@samsung.com,08/01/1998,Anhee-C,Mystery Kit
LI-4060-91,Ulric,Craig,Ulric Craig,ucraigb7@forbes.com,07/02/2003,Agyrap-S,Craft
LI-7940-85,Iain,Dundin,Iain Dundin,idundinb8@globo.com,13/03/1994,Anhee-C,Craft
LI-0390-46,Templeton,Butterfill,Templeton Butterfill,tbutterfillb9@google.ru,06/03/1999,Sirius,Mystery Kit
LI-9212-04,Mannie,Marns,Mannie Marns,mmarnsba@a8.net,05/04/1991,Apollo,Craft
LI-0919-79,Ninetta,Colbron,Ninetta Colbron,ncolbronbb@youtu.be,02/10/1990,Anhee-C,Craft
LI-9636-45,Maitilde,Westnedge,Maitilde Westnedge,mwestnedgebc@ucoz.com,22/08/1986,Anhee-C,Science
LI-4242-72,Chad,Wattingham,Chad Wattingham,cwattinghambd@stumbleupon.com,08/12/1986,Anhee-C,Science
LI-6627-27,Laurie,Schirach,Laurie Schirach,lschirachbe@washington.edu,12/08/1992,Anhee-C,Craft
LI-2360-08,Nevil,Stead,Nevil Stead,nsteadbf@psu.edu,07/05/1997,Anhee-C,Science
LI-7496-23,Guillaume,Creggan,Guillaume Creggan,gcregganbg@ezinearticles.com,04/06/1989,Anhee-C,Craft
LI-9867-26,Rodie,Castanho,Rodie Castanho,rcastanhobh@reverbnation.com,12/02/1997,Apollo,Mystery Kit
LI-3131-94,Timmie,De L'Isle,Timmie De L'Isle,tdebi@nationalgeographic.com,12/07/1988,Anhee-C,Mystery Kit
LI-9611-45,Leland,Berrington,Leland Berrington,lberringtonbj@webeden.co.uk,20/01/1995,Agyrap-S,Knitting
LI-0829-64,Townie,Binden,Townie Binden,tbindenbk@nydailynews.com,09/04/1995,Anhee-C,Craft
LI-6624-74,Julio,Hritzko,Julio Hritzko,jhritzkobl@twitpic.com,14/08/1994,Anhee-C,Mystery Kit
LI-0477-74,Goldy,Louca,Goldy Louca,gloucabm@ox.ac.uk,09/10/1999,Apollo,Craft
LI-1907-59,Alyosha,Leguay,Alyosha Leguay,aleguaybn@illinois.edu,19/10/1989,Agyrap-S,Science
LI-3682-83,Darlleen,Chillistone,Darlleen Chillistone,dchillistonebo@seattletimes.com,15/05/1998,Anhee-C,Science
LI-3152-63,Gretna,Jemison,Gretna Jemison,gjemisonbp@google.com,07/06/1997,Aurora,Science
LI-5110-75,Belvia,Karolovsky,Belvia Karolovsky,bkarolovskybq@freewebs.com,25/10/1994,Anhee-C,Craft
LI-4147-01,Manon,Bosquet,Manon Bosquet,mbosquetbr@storify.com,24/10/1996,Agyrap-S,Craft
LI-1061-40,Mickey,Cranston,Mickey Cranston,mcranstonbs@gov.uk,05/08/1999,Anhee-C,Science
LI-2618-75,Natty,Gorhardt,Natty Gorhardt,ngorhardtbt@plala.or.jp,25/07/1996,Aurora,Mystery Kit
LI-9931-23,Patti,Walworche,Patti Walworche,pwalworchebu@usa.gov,23/08/1996,Apollo,Science
LI-6789-27,Pierette,Loffill,Pierette Loffill,ploffillbv@geocities.jp,13/03/1998,Anhee-C,Craft
LI-4574-83,Lorry,Triswell,Lorry Triswell,ltriswellbw@artisteer.com,11/02/1990,Agyrap-S,Knitting
LI-8930-92,Guilbert,Reggiani,Guilbert Reggiani,greggianibx@shinystat.com,07/05/1990,Agyrap-S,Mystery Kit
LI-0959-97,Nanice,Fuller,Nanice Fuller,nfullerby@mapy.cz,11/12/1987,Anhee-C,Craft
LI-8846-11,Dyann,Skerritt,Dyann Skerritt,dskerrittbz@theglobeandmail.com,15/03/2004,Anhee-C,Craft
LI-7204-41,Tatiana,Beavan,Tatiana Beavan,tbeavanc0@sogou.com,19/11/2002,Agyrap-S,Craft
LI-7723-63,Felizio,Salman,Felizio Salman,fsalmanc1@jiathis.com,13/01/1998,Agyrap-S,Craft
LI-1006-18,Enrichetta,Stobbs,Enrichetta Stobbs,estobbsc2@ifeng.com,13/08/1991,Anhee-C,Craft
LI-2432-45,Hynda,Spanton,Hynda Spanton,hspantonc3@multiply.com,15/11/1993,Agyrap-S,Craft
LI-9321-12,Christian,Pumphreys,Christian Pumphreys,cpumphreysc4@yahoo.co.jp,01/11/1992,Anhee-C,Craft
LI-7419-88,Isiahi,Moncarr,Isiahi Moncarr,imoncarrc5@paypal.com,19/02/2000,Anhee-C,Science
LI-2242-52,Josey,Haysom,Josey Haysom,jhaysomc6@de.vu,03/06/2000,Anhee-C,Knitting
LI-9606-80,Calida,Manson,Calida Manson,cmansonc7@posterous.com,22/11/1988,Anhee-C,Craft
LI-4023-89,Keri,Sygroves,Keri Sygroves,ksygrovesc8@discuz.net,20/08/1994,Agyrap-S,Craft
LI-0269-35,Arron,Knatt,Arron Knatt,aknattc9@zimbio.com,17/05/1986,Anhee-C,Mystery Kit
LI-8780-96,Atlanta,Orkney,Atlanta Orkney,aorkneyca@nymag.com,16/02/2001,Apollo,Craft
LI-5492-02,Winn,Bircher,Winn Bircher,wbirchercb@umn.edu,26/11/2002,Agyrap-S,Tech
LI-2339-78,Hadlee,Willerson,Hadlee Willerson,hwillersoncc@w3.org,26/03/2002,Anhee-C,Science
LI-9796-51,Noby,Lygo,Noby Lygo,nlygocd@blogger.com,22/12/1997,Aurora,Craft
LI-9384-12,Carson,Johnsee,Carson Johnsee,cjohnseece@typepad.com,19/03/1991,Aurora,Science
LI-8434-56,Madelaine,Castagna,Madelaine Castagna,mcastagnacf@eepurl.com,03/11/1990,Anhee-C,Mystery Kit
LI-1260-76,Oralia,Maulin,Oralia Maulin,omaulincg@cdc.gov,11/11/1995,Anhee-C,Science
LI-4626-51,Melinda,Uridge,Melinda Uridge,muridgech@over-blog.com,26/06/1988,Anhee-C,Craft
LI-9173-90,Cos,Vinick,Cos Vinick,cvinickci@netvibes.com,18/02/2004,Aurora,Christmas
LI-6370-75,Tarrah,Flipsen,Tarrah Flipsen,tflipsencj@blogspot.com,02/01/1997,Aurora,Craft
LI-3922-49,Raynor,Huws,Raynor Huws,rhuwsck@disqus.com,21/09/1986,Agyrap-S,Mystery Kit
LI-5743-39,Leontine,Ruppeli,Leontine Ruppeli,lruppelicl@bloglovin.com,22/10/2001,Anhee-C,Craft
LI-1559-11,Idette,Wankel,Idette Wankel,iwankelcm@mac.com,25/05/2001,Anhee-C,Craft
LI-4806-42,Colman,Wiltshear,Colman Wiltshear,cwiltshearcn@census.gov,30/10/1998,Agyrap-S,Craft
LI-8231-12,Nicolea,Maunder,Nicolea Maunder,nmaunderco@amazon.co.uk,22/07/2002,Aurora,Science
LI-5406-52,Goldina,Ivoshin,Goldina Ivoshin,givoshincp@china.com.cn,27/04/1994,Anhee-C,Craft
LI-2625-64,Olia,Worssam,Olia Worssam,oworssamcq@answers.com,11/12/1986,Anhee-C,Craft
LI-9446-73,Darb,Halegarth,Darb Halegarth,dhalegarthcr@a8.net,06/05/2004,Agyrap-S,Craft
LI-0216-66,Opaline,Sutehall,Opaline Sutehall,osutehallcs@feedburner.com,24/02/1991,Anhee-C,Science
LI-9831-61,Lory,Romanet,Lory Romanet,lromanetct@tripod.com,29/11/2002,Anhee-C,Craft
LI-7228-38,Vanni,Ridgwell,Vanni Ridgwell,vridgwellcu@tiny.cc,20/11/1994,Agyrap-S,Painting
LI-8166-46,El,McCerery,El McCerery,emccererycv@go.com,25/09/2004,Agyrap-S,Craft
LI-6487-74,Bendicty,Gartin,Bendicty Gartin,bgartincw@china.com.cn,28/04/2003,Proxima-C,Craft
LI-6144-09,Jeffy,Davioud,Jeffy Davioud,jdavioudcx@seattletimes.com,15/08/1988,Anhee-C,Craft
LI-9730-31,Brendan,Strode,Brendan Strode,bstrodecy@webeden.co.uk,21/04/1992,Aurora,Craft
LI-6480-42,Caye,Drewry,Caye Drewry,cdrewrycz@buzzfeed.com,20/11/1996,Agyrap-S,Craft
LI-3341-70,Tadeo,Cupitt,Tadeo Cupitt,tcupittd0@ycombinator.com,09/06/1993,Agyrap-S,Craft
LI-2389-65,Ulrica,Todarini,Ulrica Todarini,utodarinid1@mayoclinic.com,07/05/1994,Anhee-C,Craft
LI-3778-45,Ddene,Halburton,Ddene Halburton,dhalburtond2@soundcloud.com,17/03/1992,Anhee-C,Craft
LI-1317-47,Gunar,Becken,Gunar Becken,gbeckend3@xing.com,03/07/1996,Agyrap-S,Craft
LI-7466-73,Natal,Orteau,Natal Orteau,norteaud4@constantcontact.com,27/12/1989,Anhee-C,Science
LI-5277-06,Brietta,Fittis,Brietta Fittis,bfittisd5@drupal.org,12/09/1994,Agyrap-S,Craft
LI-0893-00,Delcine,Ossenna,Delcine Ossenna,dossennad6@mac.com,31/03/1989,Phoenix,Craft
LI-6654-54,Konstantin,Grasser,Konstantin Grasser,kgrasserd7@usnews.com,01/06/2000,Aurora,Craft
LI-5940-99,Claresta,Ricardon,Claresta Ricardon,cricardond8@cocolog-nifty.com,12/04/2000,Anhee-C,Craft
LI-6070-47,Reid,Lemmertz,Reid Lemmertz,rlemmertzd9@scribd.com,05/10/2002,Sirius,Science
LI-9630-59,Hirsch,Mallya,Hirsch Mallya,hmallyada@mapquest.com,01/12/2004,Agyrap-S,Craft
LI-9008-05,Shem,Kynton,Shem Kynton,skyntondb@indiegogo.com,20/05/1998,Anhee-C,Science
LI-4018-17,Godiva,MacCartan,Godiva MacCartan,gmaccartandc@ycombinator.com,27/09/1987,Aurora,Craft
LI-2789-22,Guillermo,Meyrick,Guillermo Meyrick,gmeyrickdd@sciencedirect.com,18/02/1987,Anhee-C,Painting
LI-9061-02,Norean,Deniske,Norean Deniske,ndeniskede@ning.com,08/04/1996,Anhee-C,Tech
LI-7337-32,Annora,Bramall,Annora Bramall,abramalldf@mashable.com,04/09/1989,Agyrap-S,Mystery Kit
LI-4099-15,Levey,Upfold,Levey Upfold,lupfolddg@whitehouse.gov,28/06/1992,Anhee-C,Painting
LI-6182-14,Irwinn,Tomasian,Irwinn Tomasian,itomasiandh@ca.gov,29/11/2002,Agyrap-S,Craft
LI-8377-33,Chadwick,Paskerful,Chadwick Paskerful,cpaskerfuldi@elpais.com,18/01/1992,Anhee-C,Tech
LI-2152-38,Karon,Cornau,Karon Cornau,kcornaudj@ihg.com,09/05/1990,Agyrap-S,Science
LI-2744-39,Jo,Goulbourn,Jo Goulbourn,jgoulbourndk@kickstarter.com,17/06/2002,Apollo,Craft
LI-9956-43,Elden,Hardin,Elden Hardin,ehardindl@de.vu,02/10/1987,Agyrap-S,Science
LI-9491-27,Richart,Whitehorne,Richart Whitehorne,rwhitehornedm@google.ca,09/04/1987,Anhee-C,Mystery Kit
LI-8842-89,Gussie,Scragg,Gussie Scragg,gscraggdn@yellowpages.com,12/05/2002,Agyrap-S,Craft
LI-4577-45,Alonzo,Mathiot,Alonzo Mathiot,amathiotdo@nih.gov,24/04/1989,Agyrap-S,Painting
LI-2625-63,Pryce,Vel,Pryce Vel,pveldp@foxnews.com,02/05/1991,Anhee-C,Craft
LI-9003-30,Vachel,Daburn,Vachel Daburn,vdaburndq@umn.edu,19/01/2001,Proxima-C,Science
LI-4099-55,Bobbee,Vine,Bobbee Vine,bvinedr@posterous.com,19/08/1988,Agyrap-S,Craft
LI-2841-45,Persis,Crockley,Persis Crockley,pcrockleyds@nifty.com,04/03/2003,Agyrap-S,Craft
LI-8850-01,Nissa,Fould,Nissa Fould,nfoulddt@fc2.com,20/10/2000,Anhee-C,Mystery Kit
LI-7311-14,Marje,Harower,Marje Harower,mharowerdu@ezinearticles.com,16/12/1991,Anhee-C,Science
LI-5547-49,Filippo,Flowitt,Filippo Flowitt,fflowittdv@shinystat.com,07/09/1986,Agyrap-S,Science
LI-4562-42,Becka,Lower,Becka Lower,blowerdw@alibaba.com,26/01/2004,Agyrap-S,Craft
LI-2539-78,Morgen,Frankcombe,Morgen Frankcombe,mfrankcombedx@rambler.ru,31/08/2001,Anhee-C,Tech
LI-8887-15,Rudolfo,Vinck,Rudolfo Vinck,rvinckdy@nifty.com,10/02/2002,Anhee-C,Craft
LI-3294-90,Freeman,Benoiton,Freeman Benoiton,fbenoitondz@techcrunch.com,10/09/1987,Anhee-C,Mystery Kit
LI-5480-49,Berti,McLugish,Berti McLugish,bmclugishe0@dropbox.com,20/01/1986,Anhee-C,Science
LI-2749-00,Oralle,Northall,Oralle Northall,onorthalle1@unblog.fr,31/03/1988,Sirius,Craft
LI-0197-21,Conrado,Yarnall,Conrado Yarnall,cyarnalle2@indiegogo.com,10/05/2002,Anhee-C,Craft
LI-7494-41,Sasha,Bushrod,Sasha Bushrod,sbushrode3@vinaora.com,19/07/2004,Anhee-C,Craft
LI-3938-42,Ashbey,Storrie,Ashbey Storrie,astorriee4@sphinn.com,05/04/1992,Anhee-C,Craft
LI-1717-97,Bettina,McGeaney,Bettina McGeaney,bmcgeaneye5@irs.gov,31/10/1999,Sirius,Craft
LI-4693-11,Trever,Forster,Trever Forster,tforstere6@illinois.edu,24/10/1994,Agyrap-S,Mystery Kit
LI-8345-92,Marylinda,Screen,Marylinda Screen,mscreene7@sfgate.com,23/02/1987,Apollo,Craft
LI-1046-58,Edi,Hanmore,Edi Hanmore,ehanmoree8@github.com,13/08/1990,Agyrap-S,Craft
LI-0735-97,Abdul,Whorlton,Abdul Whorlton,awhorltone9@ted.com,11/02/1990,Anhee-C,Science
LI-0494-70,Hertha,Filippyev,Hertha Filippyev,hfilippyevea@netscape.com,11/12/1990,Anhee-C,Craft
LI-6424-40,Jodi,Delicate,Jodi Delicate,jdelicateeb@patch.com,28/10/1988,Anhee-C,Science
LI-8676-44,Berkley,Terbruggen,Berkley Terbruggen,bterbruggenec@nps.gov,13/05/1995,Anhee-C,Science
LI-5438-39,Normy,Gamblin,Normy Gamblin,ngamblined@youtube.com,04/08/1986,Apollo,Craft
LI-9460-45,Kelsy,Bedborough,Kelsy Bedborough,kbedboroughee@shareasale.com,22/04/1996,Anhee-C,Craft
LI-7816-44,Dorise,Kidsley,Dorise Kidsley,dkidsleyef@hud.gov,26/03/1998,Apollo,Craft
LI-5436-34,Kenn,McKeggie,Kenn McKeggie,kmckeggieeg@amazon.co.jp,27/07/1993,Anhee-C,Science
LI-4565-80,Ethelin,Howood,Ethelin Howood,ehowoodeh@loc.gov,15/02/1988,Anhee-C,Craft
LI-4785-56,Gideon,Bollon,Gideon Bollon,gbollonei@toplist.cz,16/08/1996,Anhee-C,Painting
LI-1676-81,Tiffi,Blowen,Tiffi Blowen,tblowenej@amazon.de,19/01/2004,Anhee-C,Mystery Kit
LI-4879-47,Danyelle,Merlin,Danyelle Merlin,dmerlinek@biblegateway.com,02/01/1994,Anhee-C,Craft
LI-6174-10,Claire,Iacovaccio,Claire Iacovaccio,ciacovaccioel@mediafire.com,24/02/1998,Anhee-C,Craft
LI-1249-08,Olivie,Dockray,Olivie Dockray,odockrayem@oracle.com,01/06/1999,Apollo,Craft
LI-3922-73,Saundra,Wadesworth,Saundra Wadesworth,swadesworthen@utexas.edu,20/12/1986,Anhee-C,Science
LI-1862-93,Alain,Brommage,Alain Brommage,abrommageeo@vinaora.com,08/06/2002,Apollo,Craft
LI-2019-61,Leonie,Lamplugh,Leonie Lamplugh,llamplughep@cafepress.com,06/10/1990,Agyrap-S,Mystery Kit
LI-3289-51,Marjy,Janosevic,Marjy Janosevic,mjanoseviceq@toplist.cz,02/04/1998,Apollo,Craft
LI-4943-07,Cullen,McFee,Cullen McFee,cmcfeeer@scientificamerican.com,23/04/1996,Anhee-C,Craft
LI-1838-39,Arther,Rottenbury,Arther Rottenbury,arottenburyes@istockphoto.com,30/07/1988,Agyrap-S,Craft
LI-2235-16,Tod,Darter,Tod Darter,tdarteret@bbc.co.uk,22/06/1987,Anhee-C,Science
LI-4337-32,Melvin,Jeacop,Melvin Jeacop,mjeacopeu@jugem.jp,05/07/2003,Anhee-C,Mystery Kit
LI-3452-13,Courtenay,Glowacki,Courtenay Glowacki,cglowackiev@spotify.com,26/07/2004,Agyrap-S,Science
LI-2958-93,Stafani,Cardus,Stafani Cardus,scardusew@hugedomains.com,11/01/2000,Anhee-C,Science
LI-3625-16,Ailyn,Cecchi,Ailyn Cecchi,acecchiex@omniture.com,30/07/1992,Anhee-C,Craft
LI-2681-54,Esteban,Caplis,Esteban Caplis,ecaplisey@mapy.cz,08/07/1997,Agyrap-S,Knitting
LI-8460-31,Eula,Whate,Eula Whate,ewhateez@pen.io,12/12/1996,Agyrap-S,Craft
LI-5890-13,Pandora,Winchcum,Pandora Winchcum,pwinchcumf0@lulu.com,06/01/1990,Anhee-C,Science
LI-7568-20,Chlo,Jennery,Chlo Jennery,cjenneryf1@typepad.com,14/03/1987,Agyrap-S,Craft
LI-3456-09,Elle,Cummins,Elle Cummins,ecumminsf2@seattletimes.com,06/04/1996,Agyrap-S,Craft
LI-1598-73,Gare,Passie,Gare Passie,gpassief3@goodreads.com,15/05/1986,Kits Dragon,Craft
LI-5198-14,Teresina,Bergen,Teresina Bergen,tbergenf4@ustream.tv,21/02/1991,Anhee-C,Craft
LI-6570-87,Sergeant,Gainsborough,Sergeant Gainsborough,sgainsboroughf5@state.gov,28/12/1989,Agyrap-S,Craft
LI-8217-79,Jeannette,Bourdis,Jeannette Bourdis,jbourdisf6@unblog.fr,04/08/1995,Agyrap-S,Knitting
LI-2081-14,Tawsha,Shergold,Tawsha Shergold,tshergoldf7@tinyurl.com,06/03/1998,Apollo,Craft
LI-1461-65,Richardo,Mournian,Richardo Mournian,rmournianf8@cnbc.com,20/04/1993,Anhee-C,Craft
LI-4117-40,Fidel,Dowtry,Fidel Dowtry,fdowtryf9@so-net.ne.jp,22/09/1986,Agyrap-S,Science
LI-0340-50,Jaclyn,Mobbs,Jaclyn Mobbs,jmobbsfa@vkontakte.ru,11/09/1986,Anhee-C,Craft
LI-7996-32,Maggie,Andryushin,Maggie Andryushin,mandryushinfb@psu.edu,21/05/2001,Anhee-C,Craft
LI-5222-41,Martie,Dixon,Martie Dixon,mdixonfc@squarespace.com,24/02/2003,Anhee-C,Science
LI-8038-44,Wesley,Bunstone,Wesley Bunstone,wbunstonefd@theglobeandmail.com,02/11/1998,Apollo,Mystery Kit
LI-3436-89,Taddeusz,Roust,Taddeusz Roust,troustfe@comcast.net,10/10/1989,Agyrap-S,Craft
LI-2799-07,Klarika,Rostron,Klarika Rostron,krostronff@noaa.gov,16/12/1993,Anhee-C,Craft
LI-6736-26,Ray,Kleiser,Ray Kleiser,rkleiserfg@sciencedirect.com,14/03/2002,Agyrap-S,Craft
LI-0429-15,Sherline,Fasler,Sherline Fasler,sfaslerfh@adobe.com,12/10/2004,Anhee-C,Science
LI-2350-04,Mike,Mibourne,Mike Mibourne,mmibournefi@sakura.ne.jp,03/04/2000,Agyrap-S,Craft
LI-1619-01,Dareen,Mattiassi,Dareen Mattiassi,dmattiassifj@bbb.org,06/05/1989,Agyrap-S,Craft
LI-1340-35,Kean,Ebbetts,Kean Ebbetts,kebbettsfk@geocities.jp,09/08/2004,Agyrap-S,Science
LI-2181-26,Adelaide,Itscowicz,Adelaide Itscowicz,aitscowiczfl@about.me,27/02/2000,Agyrap-S,Craft
LI-6688-25,Kiley,Olliff,Kiley Olliff,kollifffm@livejournal.com,29/07/1992,Anhee-C,Science
LI-8072-91,Court,Targe,Court Targe,ctargefn@taobao.com,17/02/1992,Anhee-C,Painting
LI-7661-75,Karney,Flacknoe,Karney Flacknoe,kflacknoefo@eepurl.com,22/01/1993,Anhee-C,Craft
LI-9175-18,Brantley,Bendin,Brantley Bendin,bbendinfp@icq.com,08/11/1999,Anhee-C,Science
LI-1902-09,Winnifred,Woodward,Winnifred Woodward,wwoodwardfq@sbwire.com,01/06/1988,Anhee-C,Craft
LI-3974-90,Tarrance,Herion,Tarrance Herion,therionfr@alibaba.com,06/01/2003,Kits Dragon,Science
LI-9379-53,Abbott,Dudbridge,Abbott Dudbridge,adudbridgefs@rambler.ru,06/06/1997,Anhee-C,Science
LI-5891-16,Donnie,Giovani,Donnie Giovani,dgiovanift@bandcamp.com,22/09/2000,Anhee-C,Mystery Kit
LI-8742-71,Carlynn,Rossetti,Carlynn Rossetti,crossettifu@t-online.de,09/02/1989,Apollo,Craft
LI-0639-81,Eric,Grutchfield,Eric Grutchfield,egrutchfieldfv@cornell.edu,27/12/1989,Anhee-C,Science
LI-5258-29,Boigie,Hirth,Boigie Hirth,bhirthfw@friendfeed.com,26/02/1994,Anhee-C,Craft
LI-4823-71,Essy,Munns,Essy Munns,emunnsfx@house.gov,27/08/1994,Anhee-C,Craft
LI-8075-56,Kendell,Surr,Kendell Surr,ksurrfy@ovh.net,11/09/1995,Anhee-C,Craft
LI-8176-16,Janela,Klimp,Janela Klimp,jklimpfz@gnu.org,20/09/2003,Apollo,Painting
LI-0198-14,Lynda,Mee,Lynda Mee,lmeeg0@ebay.com,14/01/1986,Apollo,Science
LI-7830-33,Chryste,Allston,Chryste Allston,callstong1@discovery.com,22/07/1992,Agyrap-S,Craft
LI-4274-53,Hilary,Shakelady,Hilary Shakelady,hshakeladyg2@typepad.com,10/02/2004,Aurora,Mystery Kit
LI-5912-35,Ethelyn,Barthot,Ethelyn Barthot,ebarthotg3@plala.or.jp,27/12/2004,Anhee-C,Craft
LI-3495-44,Juan,Jennens,Juan Jennens,jjennensg4@163.com,25/06/1994,Apollo,Craft
LI-6965-47,Etta,Ormston,Etta Ormston,eormstong5@odnoklassniki.ru,22/03/1990,Anhee-C,Craft
LI-1687-19,Darla,Magee,Darla Magee,dmageeg6@digg.com,20/12/1992,Agyrap-S,Craft
LI-1760-76,Ervin,Bellini,Ervin Bellini,ebellinig7@parallels.com,30/04/1996,Anhee-C,Science
LI-5464-39,Burke,Mayell,Burke Mayell,bmayellg8@marketwatch.com,01/01/1990,Anhee-C,Craft
LI-7559-51,Elga,Hampshaw,Elga Hampshaw,ehampshawg9@jalbum.net,27/08/1989,Agyrap-S,Craft
LI-0065-02,Corabella,Dubble,Corabella Dubble,cdubblega@cpanel.net,28/11/2000,Agyrap-S,Craft
LI-6739-31,Georas,Whodcoat,Georas Whodcoat,gwhodcoatgb@webnode.com,21/10/2002,Agyrap-S,Science
LI-4306-86,Tallie,Cleminshaw,Tallie Cleminshaw,tcleminshawgc@reference.com,07/07/2000,Agyrap-S,Craft
LI-7023-40,Hollis,Vines,Hollis Vines,hvinesgd@wordpress.org,30/07/1991,Agyrap-S,Craft
LI-4366-13,Mechelle,Hobson,Mechelle Hobson,mhobsonge@ocn.ne.jp,02/08/2002,Aurora,Craft
LI-0588-45,George,Tabour,George Tabour,gtabourgf@blogtalkradio.com,11/12/2003,Agyrap-S,Craft
LI-2758-42,Demetris,Leppard,Demetris Leppard,dleppardgg@linkedin.com,11/08/1989,Agyrap-S,Craft
LI-4083-69,Rowney,Tobias,Rowney Tobias,rtobiasgh@arizona.edu,22/02/1986,Agyrap-S,Science
LI-6821-47,Salvador,Gouldsmith,Salvador Gouldsmith,sgouldsmithgi@pcworld.com,05/11/1993,Aurora,Science
LI-8329-30,Licha,Bugdale,Licha Bugdale,lbugdalegj@gravatar.com,16/12/1991,Anhee-C,Craft
LI-2577-10,Charlie,Riehm,Charlie Riehm,criehmgk@sina.com.cn,24/02/2004,Anhee-C,Science
LI-0890-67,Erwin,Rimington,Erwin Rimington,erimingtongl@icio.us,12/01/1996,Anhee-C,Science
LI-5200-46,Dix,Hathorn,Dix Hathorn,dhathorngm@w3.org,04/05/2003,Anhee-C,Science
LI-4676-58,Saundra,Mehew,Saundra Mehew,smehewgn@macromedia.com,05/11/1990,Anhee-C,Science
LI-0760-87,Neilla,Ziem,Neilla Ziem,nziemgo@ft.com,23/08/1988,Anhee-C,Mystery Kit
LI-8199-12,Staford,Castiello,Staford Castiello,scastiellogp@purevolume.com,02/08/1988,Anhee-C,Craft
LI-3842-69,Salome,Clapston,Salome Clapston,sclapstongq@w3.org,29/05/1996,Anhee-C,Craft
LI-9649-55,Darryl,Penfold,Darryl Penfold,dpenfoldgr@ameblo.jp,13/06/2001,Anhee-C,Painting
LI-9471-56,Stewart,Dilworth,Stewart Dilworth,sdilworthgs@imdb.com,08/09/2000,Aurora,Craft
LI-4282-99,Ursula,Ricca,Ursula Ricca,uriccagt@dmoz.org,12/02/2004,Sirius,Craft
LI-6957-58,Jeralee,Gandar,Jeralee Gandar,jgandargu@elpais.com,18/10/2002,Anhee-C,Craft
LI-7203-37,Lincoln,Ogilby,Lincoln Ogilby,logilbygv@wunderground.com,22/05/1989,Anhee-C,Mystery Kit
LI-1356-88,Matias,Potbury,Matias Potbury,mpotburygw@i2i.jp,26/03/1986,Agyrap-S,Craft
LI-7517-75,Derrek,Beseke,Derrek Beseke,dbesekegx@t.co,12/07/1996,Anhee-C,Craft
LI-8692-20,Emmet,Boole,Emmet Boole,eboolegy@rakuten.co.jp,28/08/1988,Apollo,Science
LI-7216-11,Fidelio,Claypoole,Fidelio Claypoole,fclaypoolegz@soundcloud.com,12/06/2001,Aurora,Painting
LI-9908-66,Kip,Wintour,Kip Wintour,kwintourh0@com.com,06/09/1988,Agyrap-S,Craft
LI-1555-75,Thomasina,Denkin,Thomasina Denkin,tdenkinh1@answers.com,23/01/2000,Agyrap-S,Science
LI-6501-99,Della,Hackford,Della Hackford,dhackfordh2@icio.us,18/06/1997,Agyrap-S,Craft
LI-9347-95,Domenic,De Cruz,Domenic De Cruz,ddeh3@scientificamerican.com,08/09/1999,Anhee-C,Science
LI-9698-97,Germaine,Manderson,Germaine Manderson,gmandersonh4@people.com.cn,30/03/1994,Agyrap-S,Craft
LI-0578-99,Carmina,Ladloe,Carmina Ladloe,cladloeh5@stumbleupon.com,26/07/1987,Anhee-C,Science
LI-3753-03,Annabell,McRobb,Annabell McRobb,amcrobbh6@craigslist.org,24/01/1986,Anhee-C,Craft
LI-1910-43,Lorine,Assur,Lorine Assur,lassurh7@ehow.com,07/10/1989,Agyrap-S,Painting
LI-1718-92,Julianne,Panks,Julianne Panks,jpanksh8@irs.gov,15/07/1996,Apollo,Craft
LI-3540-61,Rabi,Libby,Rabi Libby,rlibbyh9@mtv.com,09/12/2004,Anhee-C,Craft
LI-7211-46,Oona,Garrattley,Oona Garrattley,ogarrattleyha@eepurl.com,10/07/2004,Agyrap-S,Craft
LI-1659-78,Allina,McCritichie,Allina McCritichie,amccritichiehb@webeden.co.uk,22/02/1988,Agyrap-S,Craft
LI-4840-73,Marney,Guppie,Marney Guppie,mguppiehc@biblegateway.com,01/08/1987,Apollo,Science
LI-1984-96,Pierson,Tallboy,Pierson Tallboy,ptallboyhd@netvibes.com,05/09/1990,Agyrap-S,Painting
LI-1120-92,Minnnie,Pilpovic,Minnnie Pilpovic,mpilpoviche@nydailynews.com,16/04/2002,Anhee-C,Mystery Kit
LI-8934-99,Robinet,Thurling,Robinet Thurling,rthurlinghf@mozilla.com,17/07/1992,Anhee-C,Craft
LI-2500-55,Quinn,Blyde,Quinn Blyde,qblydehg@washington.edu,21/05/1987,Apollo,Craft
LI-8945-42,Vincenty,Baack,Vincenty Baack,vbaackhh@scientificamerican.com,19/05/1989,Sirius,Craft
LI-8816-76,Kaitlin,De Santos,Kaitlin De Santos,kdehi@mapquest.com,05/03/2003,Agyrap-S,Science
LI-8490-20,Madelena,Zannetti,Madelena Zannetti,mzannettihj@cocolog-nifty.com,05/11/2001,Agyrap-S,Science
LI-2164-49,Clareta,Coaker,Clareta Coaker,ccoakerhk@craigslist.org,26/05/1993,Anhee-C,Science
LI-5348-60,Don,O'Hartnedy,Don O'Hartnedy,dohartnedyhl@booking.com,19/05/1986,Apollo,Mystery Kit
LI-7770-83,Perri,Trownson,Perri Trownson,ptrownsonhm@springer.com,06/06/1989,Anhee-C,Craft
LI-2071-07,Alica,Ravenscroftt,Alica Ravenscroftt,aravenscroftthn@tinypic.com,20/04/1994,Apollo,Science
LI-1432-71,Lorinda,Simko,Lorinda Simko,lsimkoho@miitbeian.gov.cn,31/01/1992,Anhee-C,Mystery Kit
LI-0363-69,Dannie,Probey,Dannie Probey,dprobeyhp@china.com.cn,16/09/1986,Anhee-C,Science
LI-2330-67,Alvis,Dunkerley,Alvis Dunkerley,adunkerleyhq@mozilla.com,02/07/1999,Anhee-C,Christmas
LI-6040-14,Nikki,Weeke,Nikki Weeke,nweekehr@cargocollective.com,24/10/1995,Aurora,Science
LI-0852-53,Kimbell,Sambiedge,Kimbell Sambiedge,ksambiedgehs@pcworld.com,11/09/1991,Anhee-C,Knitting
LI-3159-90,Misty,Haldon,Misty Haldon,mhaldonht@blogtalkradio.com,11/10/1995,Anhee-C,Craft
LI-0189-07,Ibbie,Edney,Ibbie Edney,iedneyhu@merriam-webster.com,10/11/1993,Anhee-C,Craft
LI-4613-75,Deeyn,Reppaport,Deeyn Reppaport,dreppaporthv@narod.ru,29/03/2000,Anhee-C,Craft
LI-9005-31,Ambrose,Sparling,Ambrose Sparling,asparlinghw@vk.com,27/10/1997,Anhee-C,Science
LI-6966-08,Anthe,Wetherell,Anthe Wetherell,awetherellhx@fotki.com,14/10/2003,Anhee-C,Craft
LI-9707-66,Dyanne,Potapczuk,Dyanne Potapczuk,dpotapczukhy@163.com,19/07/2002,Anhee-C,Painting
LI-8142-09,Guenevere,Brimner,Guenevere Brimner,gbrimnerhz@nasa.gov,03/11/1994,Aurora,Craft
LI-8856-27,Denney,Kealey,Denney Kealey,dkealeyi0@salon.com,02/10/1991,Anhee-C,Christmas
LI-6725-83,Donelle,Fermor,Donelle Fermor,dfermori1@ucoz.ru,23/07/2004,Agyrap-S,Painting
LI-1507-85,Jessamyn,Bowle,Jessamyn Bowle,jbowlei2@facebook.com,27/01/1991,Anhee-C,Science
LI-3748-23,Brod,Boseley,Brod Boseley,bboseleyi3@delicious.com,11/08/1991,Anhee-C,Science
LI-5900-03,Alaric,Cartmel,Alaric Cartmel,acartmeli4@theglobeandmail.com,04/04/1988,Anhee-C,Science
LI-0751-54,Libbey,Olivey,Libbey Olivey,loliveyi5@google.de,22/01/2003,Apollo,Craft
LI-8562-21,Janna,Larking,Janna Larking,jlarkingi6@last.fm,13/06/1992,Anhee-C,Craft
LI-6761-85,Dasi,Sinnat,Dasi Sinnat,dsinnati7@earthlink.net,08/12/2001,Sirius,Craft
LI-2798-47,Aluino,Blodgetts,Aluino Blodgetts,ablodgettsi8@netscape.com,18/12/1999,Agyrap-S,Science
LI-2293-23,Inglis,Ickovits,Inglis Ickovits,iickovitsi9@facebook.com,19/07/1987,Agyrap-S,Science
LI-0883-35,Emilio,Farnsworth,Emilio Farnsworth,efarnsworthia@1688.com,15/03/1989,Anhee-C,Craft
LI-0422-61,Guinevere,Hardcastle,Guinevere Hardcastle,ghardcastleib@skyrock.com,30/07/1997,Anhee-C,Science
LI-2634-29,Ayn,Tuffell,Ayn Tuffell,atuffellic@naver.com,15/07/1998,Agyrap-S,Craft
LI-3464-60,Dickie,Casolla,Dickie Casolla,dcasollaid@bravesites.com,14/03/2003,Anhee-C,Mystery Kit
LI-7832-62,Myca,Compston,Myca Compston,mcompstonie@bbc.co.uk,17/04/2004,Anhee-C,Craft
LI-7931-57,Lyndsey,Walas,Lyndsey Walas,lwalasif@princeton.edu,17/10/2002,Apollo,Craft
LI-9279-27,Frederigo,Hillyatt,Frederigo Hillyatt,fhillyattig@photobucket.com,08/06/2004,Agyrap-S,Craft
LI-6540-74,Mariska,Atto,Mariska Atto,mattoih@yellowbook.com,16/02/2003,Agyrap-S,Science
LI-4447-18,Perceval,Catton,Perceval Catton,pcattonii@howstuffworks.com,10/05/1994,Sirius,Science
LI-6599-62,Dur,Lavis,Dur Lavis,dlavisij@delicious.com,04/08/2001,Apollo,Craft
LI-7689-76,Art,Ambrogio,Art Ambrogio,aambrogioik@washingtonpost.com,24/06/1991,Sirius,Craft
LI-4507-46,Jermaine,Muino,Jermaine Muino,jmuinoil@sphinn.com,26/07/2000,Anhee-C,Science
LI-1911-62,Wendye,Gitting,Wendye Gitting,wgittingim@gnu.org,12/04/1993,Proxima-C,Science
LI-9152-34,Melody,Wyley,Melody Wyley,mwyleyin@discovery.com,14/11/1995,Anhee-C,Craft
LI-4642-97,Raimundo,Waye,Raimundo Waye,rwayeio@qq.com,01/05/1993,Aurora,Painting
LI-5278-81,Valeria,Hodgen,Valeria Hodgen,vhodgenip@unicef.org,03/08/1987,Agyrap-S,Tech
LI-6008-85,Faunie,O'Corren,Faunie O'Corren,focorreniq@google.com.br,01/01/2002,Anhee-C,Science
LI-6147-96,Hilarius,Keays,Hilarius Keays,hkeaysir@issuu.com,12/11/1990,Anhee-C,Mystery Kit
LI-7767-34,Marta,Voisey,Marta Voisey,mvoiseyis@dagondesign.com,10/05/1991,Agyrap-S,Painting
LI-1520-08,Trevar,Starford,Trevar Starford,tstarfordit@howstuffworks.com,01/03/1997,Anhee-C,Craft
LI-3945-62,Evan,Janas,Evan Janas,ejanasiu@si.edu,16/09/1992,Anhee-C,Craft
LI-4830-09,Holmes,Kedwell,Holmes Kedwell,hkedwelliv@clickbank.net,27/09/1997,Aurora,Craft
LI-9599-41,Ange,Stanex,Ange Stanex,astanexiw@google.nl,19/07/1987,Agyrap-S,Science
LI-3918-97,Terrence,Bowmaker,Terrence Bowmaker,tbowmakerix@noaa.gov,17/10/1986,Agyrap-S,Craft
LI-3136-31,Robinet,Edghinn,Robinet Edghinn,redghinniy@bloomberg.com,06/04/1987,Anhee-C,Science
LI-3439-84,Colin,Kettlesing,Colin Kettlesing,ckettlesingiz@51.la,19/02/2001,Agyrap-S,Craft
LI-2353-38,Filmore,Lefeaver,Filmore Lefeaver,flefeaverj0@shinystat.com,11/11/1991,Agyrap-S,Craft
LI-6905-12,Marcello,Saxelby,Marcello Saxelby,msaxelbyj1@stanford.edu,20/04/1998,Aurora,Science
LI-9570-62,Inglebert,Caudrey,Inglebert Caudrey,icaudreyj2@fc2.com,11/10/2000,Anhee-C,Craft
LI-6473-62,Nissy,Pothbury,Nissy Pothbury,npothburyj3@abc.net.au,25/01/2001,Anhee-C,Craft
LI-7789-81,Jenine,Gallamore,Jenine Gallamore,jgallamorej4@abc.net.au,12/02/2002,Apollo,Science
LI-8169-48,Margo,Embleton,Margo Embleton,membletonj5@artisteer.com,14/04/1991,Apollo,Craft
LI-5980-37,Teriann,Zanazzi,Teriann Zanazzi,tzanazzij6@soundcloud.com,21/04/1997,Agyrap-S,Science
LI-4719-67,Jobie,Casbolt,Jobie Casbolt,jcasboltj7@cbc.ca,01/07/1990,Anhee-C,Mystery Kit
LI-2122-53,Mahmud,MacCaffery,Mahmud MacCaffery,mmaccafferyj8@craigslist.org,30/03/1988,Agyrap-S,Science
LI-7918-15,Waiter,Sterke,Waiter Sterke,wsterkej9@hexun.com,14/01/2004,Aurora,Craft
LI-0341-37,Carleen,Spinelli,Carleen Spinelli,cspinellija@flavors.me,20/03/1988,Agyrap-S,Craft
LI-8174-14,Harli,Pryell,Harli Pryell,hpryelljb@columbia.edu,20/04/2001,Anhee-C,Craft
LI-7934-97,Ted,Capper,Ted Capper,tcapperjc@techcrunch.com,19/12/2003,Anhee-C,Craft
LI-6583-63,Demetra,Annwyl,Demetra Annwyl,dannwyljd@usda.gov,23/04/1998,Anhee-C,Craft
LI-4583-19,Kenny,McLinden,Kenny McLinden,kmclindenje@nbcnews.com,13/10/1998,Anhee-C,Craft
LI-7965-04,Jillane,Slessar,Jillane Slessar,jslessarjf@wunderground.com,03/05/2004,Anhee-C,Science
LI-1978-95,Maggie,Spender,Maggie Spender,mspenderjg@nytimes.com,07/11/2002,Agyrap-S,Science
LI-4382-11,Adey,Sapauton,Adey Sapauton,asapautonjh@google.it,04/12/1992,Anhee-C,Craft
LI-8569-46,Mandi,Stiff,Mandi Stiff,mstiffji@utexas.edu,15/02/1998,Agyrap-S,Painting
LI-5451-52,Kassia,Mattheis,Kassia Mattheis,kmattheisjj@about.me,24/08/1988,Aurora,Science
LI-9397-80,Quinn,Dunphy,Quinn Dunphy,qdunphyjk@reference.com,14/09/2000,Anhee-C,Science
LI-3363-97,Gabe,Bulcock,Gabe Bulcock,gbulcockjl@amazonaws.com,13/08/2002,Proxima-C,Science
LI-5486-44,Annamarie,Botler,Annamarie Botler,abotlerjm@ameblo.jp,18/08/1997,Anhee-C,Craft
LI-3997-04,Kelcy,Overstall,Kelcy Overstall,koverstalljn@mail.ru,17/02/1989,Aurora,Craft
LI-9252-92,Dorian,Langhor,Dorian Langhor,dlanghorjo@cornell.edu,05/03/1999,Anhee-C,Science
LI-2004-90,Moll,Luxford,Moll Luxford,mluxfordjp@360.cn,08/12/1991,Apollo,Kitchen
LI-1016-94,Emmalyn,Mixter,Emmalyn Mixter,emixterjq@geocities.jp,01/08/1998,Agyrap-S,Science
LI-6866-32,Louise,Limer,Louise Limer,llimerjr@smh.com.au,02/02/1991,Agyrap-S,Knitting
LI-6676-77,Arly,Clubbe,Arly Clubbe,aclubbejs@spiegel.de,27/02/1996,Agyrap-S,Science
LI-8133-64,Perice,Fermin,Perice Fermin,pferminjt@washington.edu,04/09/2000,Anhee-C,Craft
LI-2173-58,Hulda,Goodfellow,Hulda Goodfellow,hgoodfellowju@cocolog-nifty.com,16/05/1996,Agyrap-S,Painting
LI-3181-39,Cynde,Lipscombe,Cynde Lipscombe,clipscombejv@devhub.com,02/12/1989,Aurora,Craft
LI-9406-82,Arleta,Ladloe,Arleta Ladloe,aladloejw@shinystat.com,29/12/1997,Anhee-C,Craft
LI-9047-32,Alisha,Donati,Alisha Donati,adonatijx@scribd.com,26/10/1987,Apollo,Science
LI-9345-52,Ericka,Jaggli,Ericka Jaggli,ejagglijy@hubpages.com,04/08/2004,Sirius,Mystery Kit
LI-5312-80,Ediva,Greenman,Ediva Greenman,egreenmanjz@tinypic.com,21/08/1999,Anhee-C,Mystery Kit
LI-2180-72,Jarvis,Campa,Jarvis Campa,jcampak0@xing.com,10/09/1995,Anhee-C,Science
LI-6521-07,Marion,Delahunt,Marion Delahunt,mdelahuntk1@virginia.edu,07/04/1990,Apollo,Science
LI-1548-01,Poul,Librey,Poul Librey,plibreyk2@tumblr.com,22/02/1989,Anhee-C,Mystery Kit
LI-8489-74,Sileas,Frostdick,Sileas Frostdick,sfrostdickk3@w3.org,09/11/1997,Phoenix,Craft
LI-9519-79,Thorin,Palffy,Thorin Palffy,tpalffyk4@amazonaws.com,16/02/1992,Agyrap-S,Craft
LI-2303-51,Deck,Haggart,Deck Haggart,dhaggartk5@dagondesign.com,05/09/1987,Anhee-C,Mystery Kit
LI-1321-74,Zeke,Di Pietro,Zeke Di Pietro,zdik6@un.org,11/11/1998,Anhee-C,Craft
LI-6353-19,Kellie,Annes,Kellie Annes,kannesk7@booking.com,06/07/1997,Sirius,Science
LI-6469-27,Beulah,Roderham,Beulah Roderham,broderhamk8@joomla.org,14/03/1994,Anhee-C,Craft
LI-9836-69,Clayborne,Padson,Clayborne Padson,cpadsonk9@youtube.com,23/09/2001,Anhee-C,Craft
LI-6471-48,Margalo,Hallgarth,Margalo Hallgarth,mhallgarthka@google.ru,24/05/2002,Agyrap-S,Craft
LI-6440-38,Lisle,Jerrand,Lisle Jerrand,ljerrandkb@bravesites.com,28/07/1987,Anhee-C,Mystery Kit
LI-4271-70,Dierdre,Ybarra,Dierdre Ybarra,dybarrakc@fda.gov,27/11/1990,Agyrap-S,Craft
LI-4629-49,Jeanelle,O'Cannon,Jeanelle O'Cannon,jocannonkd@goo.ne.jp,10/04/1989,Anhee-C,Craft
LI-0611-90,Lavena,Shelp,Lavena Shelp,lshelpke@goo.ne.jp,28/08/1990,Anhee-C,Science
LI-4639-12,Marinna,Bernardez,Marinna Bernardez,mbernardezkf@dropbox.com,28/12/1996,Anhee-C,Painting
LI-2651-38,Vick,Folkerts,Vick Folkerts,vfolkertskg@about.com,17/06/1986,Sirius,Science
LI-5660-43,Deanne,Girk,Deanne Girk,dgirkkh@bloglovin.com,01/05/1996,Anhee-C,Science
LI-0289-43,Morley,Thowless,Morley Thowless,mthowlesski@msu.edu,21/05/1998,Agyrap-S,Craft
LI-0186-36,Salome,Eastman,Salome Eastman,seastmankj@vkontakte.ru,05/07/1997,Apollo,Mystery Kit
LI-5478-62,Kerr,Cleevely,Kerr Cleevely,kcleevelykk@etsy.com,03/08/1995,Sirius,Craft
LI-7193-85,Faun,Clousley,Faun Clousley,fclousleykl@google.com.br,11/01/2001,Anhee-C,Painting
LI-6717-30,Gris,Odgaard,Gris Odgaard,godgaardkm@etsy.com,09/07/1996,Apollo,Mystery Kit
LI-7603-19,Elora,Provost,Elora Provost,eprovostkn@indiatimes.com,27/01/1993,Anhee-C,Craft
LI-0594-80,Lorinda,Morrallee,Lorinda Morrallee,lmorralleeko@mit.edu,10/10/1996,Agyrap-S,Science
LI-1577-06,Ninette,Spenclay,Ninette Spenclay,nspenclaykp@rakuten.co.jp,13/01/1988,Apollo,Science
LI-9531-42,Alonzo,Janouch,Alonzo Janouch,ajanouchkq@foxnews.com,07/10/1996,Anhee-C,Craft
LI-0024-98,Georgianne,Harder,Georgianne Harder,gharderkr@merriam-webster.com,05/09/2000,Anhee-C,Craft
LI-5047-45,Danie,Peert,Danie Peert,dpeertks@washingtonpost.com,03/03/1996,Agyrap-S,Mystery Kit
LI-9556-64,Lindsy,MacGinney,Lindsy MacGinney,lmacginneykt@mediafire.com,27/01/1994,Anhee-C,Science
LI-4975-92,Salem,Pickover,Salem Pickover,spickoverku@1688.com,26/03/2000,Anhee-C,Science
LI-4688-91,Margarette,Boog,Margarette Boog,mboogkv@washingtonpost.com,21/08/1999,Agyrap-S,Science
LI-1862-82,Lu,Laurenz,Lu Laurenz,llaurenzkw@ow.ly,17/08/2004,Anhee-C,Painting
LI-7423-20,Harbert,Fluit,Harbert Fluit,hfluitkx@ucoz.ru,20/02/1993,Agyrap-S,Painting
LI-1796-14,Richmond,Vivians,Richmond Vivians,rviviansky@statcounter.com,18/06/1987,Anhee-C,Mystery Kit
LI-3822-48,Marlena,Halsey,Marlena Halsey,mhalseykz@sakura.ne.jp,08/12/2003,Anhee-C,Mystery Kit
LI-7529-84,Derry,McLardie,Derry McLardie,dmclardiel0@so-net.ne.jp,24/04/1993,Anhee-C,Mystery Kit
LI-0513-09,Evered,Brecknock,Evered Brecknock,ebrecknockl1@symantec.com,01/06/1995,Anhee-C,Craft
LI-9118-78,Jorie,Cowdroy,Jorie Cowdroy,jcowdroyl2@godaddy.com,12/05/1998,Agyrap-S,Mystery Kit
LI-0505-01,Kaitlin,Alliot,Kaitlin Alliot,kalliotl3@hud.gov,28/05/2002,Sirius,Science
LI-5746-64,Yoshi,Mouatt,Yoshi Mouatt,ymouattl4@google.pl,04/07/1997,Anhee-C,Science
LI-0646-37,Merridie,Sandey,Merridie Sandey,msandeyl5@bbc.co.uk,25/05/1989,Anhee-C,Science
LI-2404-68,Matelda,Fletcher,Matelda Fletcher,mfletcherl6@mashable.com,10/07/1993,Agyrap-S,Science
LI-7723-09,Staford,Masterson,Staford Masterson,smastersonl7@independent.co.uk,01/06/1995,Agyrap-S,Craft
LI-6581-22,Kamilah,Ivachyov,Kamilah Ivachyov,kivachyovl8@mapy.cz,27/06/1987,Anhee-C,Craft
LI-1580-86,Giffie,Pagan,Giffie Pagan,gpaganl9@biglobe.ne.jp,22/01/1989,Anhee-C,Science
LI-4550-94,Art,Fere,Art Fere,aferela@unesco.org,25/11/2003,Agyrap-S,Craft
LI-8294-40,Bunnie,Kopf,Bunnie Kopf,bkopflb@loc.gov,10/09/1996,Agyrap-S,Science
LI-8480-88,Rock,Dawid,Rock Dawid,rdawidlc@ezinearticles.com,16/04/1990,Aurora,Science
LI-8465-68,Regina,Praill,Regina Praill,rpraillld@narod.ru,06/10/1997,Anhee-C,Science
LI-0758-97,Paulie,Binfield,Paulie Binfield,pbinfieldle@barnesandnoble.com,15/06/1999,Anhee-C,Science
LI-7845-54,Jdavie,Somers,Jdavie Somers,jsomerslf@google.com,30/04/1997,Anhee-C,Painting
LI-3081-83,Nancey,Raun,Nancey Raun,nraunlg@ihg.com,03/02/1992,Anhee-C,Mystery Kit
LI-3077-60,Derk,McDade,Derk McDade,dmcdadelh@godaddy.com,24/12/1994,Anhee-C,Science
LI-4624-03,Dido,Marple,Dido Marple,dmarpleli@ning.com,06/07/1993,Agyrap-S,Painting
LI-5086-69,Phedra,Loggie,Phedra Loggie,ploggielj@mit.edu,05/09/2002,Agyrap-S,Science
LI-8901-93,Sheffield,Hallagan,Sheffield Hallagan,shallaganlk@about.com,10/08/1995,Anhee-C,Mystery Kit
LI-8979-44,Bevan,Lapree,Bevan Lapree,blapreell@wikimedia.org,18/04/2001,Anhee-C,Kitchen
LI-0341-95,Bartlett,Dugall,Bartlett Dugall,bdugalllm@g.co,30/08/1997,Apollo,Science
LI-2898-07,Loree,Bauman,Loree Bauman,lbaumanln@ucoz.ru,07/06/2003,Anhee-C,Mystery Kit
LI-4641-35,Jourdain,Hancill,Jourdain Hancill,jhancilllo@privacy.gov.au,06/09/1999,Anhee-C,Knitting
LI-9972-53,Rolf,Forgan,Rolf Forgan,rforganlp@naver.com,14/03/1993,Anhee-C,Craft
LI-4932-28,Meggy,O'Flynn,Meggy O'Flynn,moflynnlq@over-blog.com,25/02/1988,Apollo,Craft
LI-2561-80,Andeee,Toke,Andeee Toke,atokelr@icq.com,20/12/2003,Apollo,Science
LI-2161-14,Adara,Willford,Adara Willford,awillfordls@ucla.edu,01/12/2003,Agyrap-S,Mystery Kit
LI-4372-14,Sydney,Duley,Sydney Duley,sduleylt@slideshare.net,19/06/1995,Anhee-C,Tech
LI-6524-29,Liane,Trangmar,Liane Trangmar,ltrangmarlu@mac.com,24/04/1994,Agyrap-S,Craft
LI-2165-03,Perrine,McArt,Perrine McArt,pmcartlv@springer.com,15/01/1991,Aurora,Science
LI-4170-91,Rubina,Pickvance,Rubina Pickvance,rpickvancelw@clickbank.net,19/12/1987,Agyrap-S,Knitting
LI-6238-57,Jo-anne,Ferrick,Jo-anne Ferrick,jferricklx@xrea.com,16/06/2003,Apollo,Science
LI-8474-76,Bunny,Capineer,Bunny Capineer,bcapineerly@creativecommons.org,10/09/1990,Anhee-C,Craft
LI-2066-49,Cassie,Van der Velden,Cassie Van der Velden,cvanlz@ustream.tv,18/08/2001,Agyrap-S,Mystery Kit
LI-2063-95,Reinald,Penylton,Reinald Penylton,rpenyltonm0@aboutads.info,18/12/1995,Proxima-C,Craft
LI-6259-43,Emma,Taveriner,Emma Taveriner,etaverinerm1@amazon.co.uk,22/10/2000,Agyrap-S,Craft
LI-3551-02,Madge,Dunsire,Madge Dunsire,mdunsirem2@harvard.edu,31/12/1986,Anhee-C,Craft
LI-2354-11,Eugenia,Kasman,Eugenia Kasman,ekasmanm3@noaa.gov,02/02/1988,Anhee-C,Tech
LI-9506-44,Fraser,Chaff,Fraser Chaff,fchaffm4@example.com,26/04/2004,Anhee-C,Painting
LI-7121-46,Hardy,Eyer,Hardy Eyer,heyerm5@cbslocal.com,09/05/2004,Agyrap-S,Science
LI-9051-98,Carol,Chastney,Carol Chastney,cchastneym6@miitbeian.gov.cn,18/06/2002,Agyrap-S,Science
LI-8436-24,Barnebas,Zollner,Barnebas Zollner,bzollnerm7@ihg.com,03/01/1989,Anhee-C,Science
LI-7419-32,Stanislas,Videler,Stanislas Videler,svidelerm8@disqus.com,20/12/1989,Apollo,Craft
LI-5638-14,Clo,Shallo,Clo Shallo,cshallom9@php.net,09/06/1993,Aurora,Craft
LI-7825-69,Lilyan,Blue,Lilyan Blue,lbluema@about.com,26/11/2004,Agyrap-S,Science
LI-7354-57,Sharlene,Canniffe,Sharlene Canniffe,scanniffemb@barnesandnoble.com,31/03/2000,Anhee-C,Knitting
LI-0592-59,Shannen,Heathcott,Shannen Heathcott,sheathcottmc@angelfire.com,12/06/1993,Phoenix,Painting
LI-8093-76,Hiram,Pibworth,Hiram Pibworth,hpibworthmd@vkontakte.ru,20/11/1998,Agyrap-S,Painting
LI-2184-10,Mufinella,Glennie,Mufinella Glennie,mglennieme@uiuc.edu,19/11/1998,Agyrap-S,Craft
LI-1949-14,Kora,Smalcombe,Kora Smalcombe,ksmalcombemf@dagondesign.com,05/01/1994,Anhee-C,Mystery Kit
LI-8009-09,Alexi,Buer,Alexi Buer,abuermg@digg.com,21/11/2004,Anhee-C,Science
LI-7158-55,Kora,Gutman,Kora Gutman,kgutmanmh@sogou.com,11/10/2003,Apollo,Craft
LI-1506-31,Darrelle,Gatrill,Darrelle Gatrill,dgatrillmi@oakley.com,14/02/1998,Anhee-C,Craft
LI-3654-63,Corny,More,Corny More,cmoremj@walmart.com,08/09/1987,Agyrap-S,Painting
LI-3858-29,Nichols,Pavinese,Nichols Pavinese,npavinesemk@is.gd,09/09/1990,Apollo,Science
LI-1626-93,Maxine,Inge,Maxine Inge,mingeml@umich.edu,05/03/1995,Agyrap-S,Knitting
LI-0168-16,Rubetta,Risdall,Rubetta Risdall,rrisdallmm@cdc.gov,30/10/1990,Anhee-C,Science
LI-1810-39,Ulla,Tydd,Ulla Tydd,utyddmn@twitter.com,09/05/2000,Agyrap-S,Craft
LI-2807-91,Harmony,Sigward,Harmony Sigward,hsigwardmo@yelp.com,10/08/2001,Anhee-C,Craft
LI-3946-84,Tabbie,Schapiro,Tabbie Schapiro,tschapiromp@unicef.org,20/04/1998,Anhee-C,Craft
LI-0415-17,Giacobo,Audenis,Giacobo Audenis,gaudenismq@bluehost.com,03/05/1998,Agyrap-S,Science
LI-3306-98,Anya,Katz,Anya Katz,akatzmr@businessinsider.com,07/02/1986,Anhee-C,Craft
LI-9906-43,Julieta,Corradeschi,Julieta Corradeschi,jcorradeschims@foxnews.com,26/05/2003,Anhee-C,Craft
LI-6488-97,Trisha,Augustine,Trisha Augustine,taugustinemt@admin.ch,30/01/1996,Anhee-C,Craft
LI-4081-74,Gustav,Euels,Gustav Euels,geuelsmu@hexun.com,25/08/1995,Anhee-C,Craft
LI-4837-52,Lorry,Dinneges,Lorry Dinneges,ldinnegesmv@huffingtonpost.com,02/10/1995,Anhee-C,Craft
LI-2013-36,Emmye,Franek,Emmye Franek,efranekmw@theglobeandmail.com,02/02/1996,Agyrap-S,Craft
LI-3678-75,Carl,Clace,Carl Clace,cclacemx@simplemachines.org,29/09/1995,Agyrap-S,Craft
LI-6686-73,Alistair,Audley,Alistair Audley,aaudleymy@sbwire.com,27/09/1988,Agyrap-S,Knitting
LI-9576-26,Lombard,Scaice,Lombard Scaice,lscaicemz@about.com,20/10/1999,Anhee-C,Craft
LI-2990-13,Kelci,Hardwick,Kelci Hardwick,khardwickn0@homestead.com,22/11/1986,Anhee-C,Craft
LI-9762-18,Isabelita,Eckford,Isabelita Eckford,ieckfordn1@ameblo.jp,15/12/1999,Anhee-C,Mystery Kit
LI-2502-01,Willyt,Antonich,Willyt Antonich,wantonichn2@imgur.com,02/07/1988,Agyrap-S,Craft
LI-7010-16,Adamo,Banbrigge,Adamo Banbrigge,abanbriggen3@smugmug.com,24/01/2003,Anhee-C,Science
LI-7700-79,Glynda,Guiso,Glynda Guiso,gguison4@uol.com.br,04/05/1992,Anhee-C,Craft
LI-2517-96,Igor,Audibert,Igor Audibert,iaudibertn5@aboutads.info,22/09/1997,Anhee-C,Knitting
LI-3935-49,Biddy,Huggett,Biddy Huggett,bhuggettn6@networkadvertising.org,26/05/1992,Anhee-C,Craft
LI-2828-10,Lynda,Brownjohn,Lynda Brownjohn,lbrownjohnn7@dell.com,21/04/1999,Apollo,Craft
LI-1520-65,Delphine,Jojic,Delphine Jojic,djojicn8@devhub.com,28/08/1999,Anhee-C,Science
LI-0137-92,Kristos,Cobello,Kristos Cobello,kcobellon9@sciencedirect.com,07/03/1998,Agyrap-S,Craft
LI-1207-81,Kienan,Fontanet,Kienan Fontanet,kfontanetna@blog.com,23/11/1997,Anhee-C,Craft
LI-7168-63,Augusto,Chitham,Augusto Chitham,achithamnb@people.com.cn,28/08/1993,Agyrap-S,Mystery Kit
LI-3738-17,Israel,Sivyer,Israel Sivyer,isivyernc@ucoz.ru,18/08/1988,Anhee-C,Craft
LI-2873-97,Vasilis,Hellens,Vasilis Hellens,vhellensnd@yahoo.com,30/09/1995,Agyrap-S,Craft
LI-4016-23,Guillaume,Tanslie,Guillaume Tanslie,gtansliene@sbwire.com,16/06/1995,Anhee-C,Craft
LI-4119-40,Janey,Reeder,Janey Reeder,jreedernf@1und1.de,17/06/1996,Anhee-C,Craft
LI-6815-69,Abagail,Ive,Abagail Ive,aiveng@imageshack.us,08/06/2002,Agyrap-S,Craft
LI-4883-95,Xymenes,Lakeland,Xymenes Lakeland,xlakelandnh@mysql.com,29/07/1992,Sirius,Craft
LI-4068-49,Lezlie,Aldred,Lezlie Aldred,laldredni@cbc.ca,11/04/1998,Agyrap-S,Craft
LI-0308-19,Clemmie,Cuckoo,Clemmie Cuckoo,ccuckoonj@unicef.org,30/04/1994,Agyrap-S,Craft
LI-7521-27,Pavia,Moline,Pavia Moline,pmolinenk@tmall.com,13/07/2003,Anhee-C,Painting
LI-6681-87,Manolo,Kaszper,Manolo Kaszper,mkaszpernl@hexun.com,03/12/2002,Anhee-C,Craft
LI-9222-63,Rosita,Ledram,Rosita Ledram,rledramnm@facebook.com,04/08/1994,Anhee-C,Mystery Kit
LI-6762-80,Lia,Stapylton,Lia Stapylton,lstapyltonnn@mit.edu,15/03/1987,Apollo,Craft
LI-5329-82,Emmet,Brockest,Emmet Brockest,ebrockestno@wufoo.com,28/09/1995,Aurora,Mystery Kit
LI-3418-90,Brit,Matuskiewicz,Brit Matuskiewicz,bmatuskiewicznp@ihg.com,18/03/2002,Anhee-C,Craft
LI-5088-56,Lucais,Dragon,Lucais Dragon,ldragonnq@auda.org.au,27/07/1989,Anhee-C,Craft
LI-7414-94,Ellette,Lindhe,Ellette Lindhe,elindhenr@hud.gov,14/05/2000,Agyrap-S,Mystery Kit
LI-2318-83,Sadella,Boyan,Sadella Boyan,sboyanns@xrea.com,04/07/1987,Anhee-C,Craft
LI-6612-61,Felix,Giacomello,Felix Giacomello,fgiacomellont@ucla.edu,21/06/1988,Agyrap-S,Craft
LI-0141-80,Mufi,Pitkin,Mufi Pitkin,mpitkinnu@oakley.com,10/07/2000,Agyrap-S,Craft
LI-1861-55,Duff,Bishop,Duff Bishop,dbishopnv@goo.ne.jp,20/07/1987,Apollo,Craft
LI-6243-50,Petronille,Stannering,Petronille Stannering,pstanneringnw@list-manage.com,09/10/1992,Anhee-C,Mystery Kit
LI-1037-83,Zorina,Blackborow,Zorina Blackborow,zblackborownx@earthlink.net,29/07/2004,Aurora,Science
LI-9094-15,Robby,Brixey,Robby Brixey,rbrixeyny@t-online.de,17/10/2003,Aurora,Craft
LI-1102-64,Claudette,Pott,Claudette Pott,cpottnz@mayoclinic.com,01/12/1987,Anhee-C,Christmas
LI-6920-21,Ryon,Varsey,Ryon Varsey,rvarseyo0@nydailynews.com,20/07/1995,Anhee-C,Craft
LI-7576-15,Marwin,Griffin,Marwin Griffin,mgriffino1@twitpic.com,02/06/1994,Agyrap-S,Craft
LI-3746-62,Shaylah,Keers,Shaylah Keers,skeerso2@chron.com,28/04/2004,Apollo,Mystery Kit
LI-0897-57,Husain,Sparey,Husain Sparey,hspareyo3@alexa.com,08/12/2000,Apollo,Craft
LI-7318-63,Lesly,Clinning,Lesly Clinning,lclinningo4@google.de,09/09/2000,Apollo,Mystery Kit
LI-7699-26,Alfredo,Tointon,Alfredo Tointon,atointono5@si.edu,18/04/2000,Aurora,Craft
LI-4486-35,Pietrek,Badini,Pietrek Badini,pbadinio6@cdbaby.com,14/01/2001,Anhee-C,Craft
LI-1504-52,Giles,Olive,Giles Olive,goliveo7@hao123.com,04/08/2002,Anhee-C,Craft
LI-1152-58,Galvan,Robens,Galvan Robens,grobenso8@spiegel.de,09/11/1986,Anhee-C,Craft
LI-0204-28,Nissie,Alp,Nissie Alp,nalpo9@google.cn,29/04/1991,Anhee-C,Science
LI-4509-31,Trudi,Dilston,Trudi Dilston,tdilstonoa@fotki.com,31/03/2002,Anhee-C,Craft
LI-2060-64,Susan,Alsop,Susan Alsop,salsopob@google.ru,05/02/2000,Anhee-C,Science
LI-1089-84,Davidde,Jeandillou,Davidde Jeandillou,djeandillouoc@yahoo.com,17/10/1986,Anhee-C,Craft
LI-9830-53,Maurene,Garvie,Maurene Garvie,mgarvieod@washington.edu,22/05/1999,Anhee-C,Kitchen
LI-6388-27,Tricia,Endersby,Tricia Endersby,tendersbyoe@wufoo.com,22/12/1994,Aurora,Science
LI-7720-43,Bale,Covert,Bale Covert,bcovertof@bandcamp.com,05/03/1997,Agyrap-S,Science
LI-5714-96,Sheffy,De Ath,Sheffy De Ath,sdeog@cloudflare.com,03/05/1986,Anhee-C,Craft
LI-7277-55,Elisha,Bodycote,Elisha Bodycote,ebodycoteoh@tamu.edu,08/11/2002,Anhee-C,Craft
LI-1562-67,Sonya,Swatheridge,Sonya Swatheridge,sswatheridgeoi@ucoz.ru,23/02/2002,Anhee-C,Painting
LI-4268-58,Guido,Atterbury,Guido Atterbury,gatterburyoj@blogs.com,15/09/2004,Agyrap-S,Science
LI-8012-62,Huntlee,Heindl,Huntlee Heindl,hheindlok@gravatar.com,16/06/1988,Agyrap-S,Craft
LI-0889-26,Paulo,Ruseworth,Paulo Ruseworth,pruseworthol@google.cn,15/11/1997,Anhee-C,Knitting
LI-4712-72,Quent,Haslen,Quent Haslen,qhaslenom@imgur.com,03/10/2001,Agyrap-S,Craft
LI-8552-25,James,Gascoyne,James Gascoyne,jgascoyneon@fc2.com,16/02/1988,Agyrap-S,Craft
LI-3412-51,Earlie,Cockshot,Earlie Cockshot,ecockshotoo@last.fm,15/11/2002,Anhee-C,Science
LI-9921-67,Bridie,Showl,Bridie Showl,bshowlop@globo.com,08/01/1994,Anhee-C,Science
LI-7416-62,Siana,Le Hucquet,Siana Le Hucquet,sleoq@drupal.org,19/01/1992,Anhee-C,Science
LI-9945-80,Monro,Boskell,Monro Boskell,mboskellor@mozilla.com,26/08/1996,Anhee-C,Craft
LI-1233-82,Sanford,Gunderson,Sanford Gunderson,sgundersonos@yellowpages.com,20/10/1986,Anhee-C,Craft
LI-7575-74,Forrester,Spadotto,Forrester Spadotto,fspadottoot@sciencedaily.com,06/10/1989,Anhee-C,Craft
LI-1500-60,Luciana,Gatlin,Luciana Gatlin,lgatlinou@dot.gov,27/06/1999,Agyrap-S,Craft
LI-4126-15,Maryann,Nutbean,Maryann Nutbean,mnutbeanov@xing.com,27/09/2003,Anhee-C,Craft
LI-6207-35,Elicia,Pennazzi,Elicia Pennazzi,epennazziow@xing.com,27/02/1986,Anhee-C,Craft
LI-4862-23,Olenolin,Fancourt,Olenolin Fancourt,ofancourtox@hibu.com,11/01/1998,Agyrap-S,Craft
LI-2183-80,Evangeline,Ropert,Evangeline Ropert,eropertoy@studiopress.com,20/09/2002,Aurora,Craft
LI-9246-00,Cosetta,Keuneke,Cosetta Keuneke,ckeunekeoz@macromedia.com,14/05/1999,Anhee-C,Craft
LI-0925-35,Gracie,Ubee,Gracie Ubee,gubeep0@un.org,21/11/2001,Anhee-C,Science
LI-7498-88,Gerhard,Leaming,Gerhard Leaming,gleamingp1@cargocollective.com,13/08/1998,Anhee-C,Christmas
LI-2909-88,Rosalyn,Itzkovich,Rosalyn Itzkovich,ritzkovichp2@timesonline.co.uk,11/01/2003,Anhee-C,Painting
LI-3744-09,Dael,Spinas,Dael Spinas,dspinasp3@shutterfly.com,11/08/1989,Agyrap-S,Craft
LI-9187-34,Amity,Mc Menamin,Amity Mc Menamin,amcp4@foxnews.com,08/07/1986,Anhee-C,Craft
LI-1159-83,Tomkin,Waples,Tomkin Waples,twaplesp5@livejournal.com,07/11/1989,Anhee-C,Painting
LI-1409-28,Nicolette,Strattan,Nicolette Strattan,nstrattanp6@nasa.gov,30/06/1987,Anhee-C,Knitting
LI-8841-07,Aristotle,Jickells,Aristotle Jickells,ajickellsp7@shinystat.com,30/07/1990,Agyrap-S,Craft
LI-8747-19,Rene,Kobpac,Rene Kobpac,rkobpacp8@webeden.co.uk,12/09/1992,Apollo,Craft
LI-7904-06,Stanfield,Moreby,Stanfield Moreby,smorebyp9@godaddy.com,22/07/1992,Apollo,Mystery Kit
LI-8787-01,Theresina,Owenson,Theresina Owenson,towensonpa@jalbum.net,02/07/2000,Anhee-C,Craft
LI-5732-55,Carlie,Gobbet,Carlie Gobbet,cgobbetpb@illinois.edu,24/01/1989,Agyrap-S,Craft
LI-2966-18,Dalston,Hannen,Dalston Hannen,dhannenpc@opensource.org,02/11/2004,Anhee-C,Christmas
LI-0091-97,Rodie,Kench,Rodie Kench,rkenchpd@google.com,22/05/2000,Agyrap-S,Craft
LI-4757-96,Anissa,Relton,Anissa Relton,areltonpe@list-manage.com,04/01/1988,Sirius,Knitting
LI-5625-97,Ignacius,Onele,Ignacius Onele,ionelepf@t.co,16/02/1991,Agyrap-S,Science
LI-4168-32,Mordy,Aldrick,Mordy Aldrick,maldrickpg@cdc.gov,11/03/1999,Anhee-C,Science
LI-0962-28,Sandro,Cassels,Sandro Cassels,scasselsph@wikia.com,23/07/1992,Aurora,Craft
LI-1145-77,Deeanne,Canas,Deeanne Canas,dcanaspi@mayoclinic.com,28/10/2000,Anhee-C,Craft
LI-1004-85,Lauretta,Rosita,Lauretta Rosita,lrositapj@yahoo.co.jp,01/03/1997,Agyrap-S,Craft
LI-1647-52,Timothy,Klemz,Timothy Klemz,tklemzpk@skype.com,21/08/1995,Anhee-C,Craft
LI-0902-90,Gardner,Obray,Gardner Obray,gobraypl@google.co.jp,18/02/1995,Anhee-C,Science
LI-1860-99,Jackquelin,Beckhurst,Jackquelin Beckhurst,jbeckhurstpm@mlb.com,02/09/1991,Apollo,Craft
LI-9950-05,Osborne,Dempster,Osborne Dempster,odempsterpn@nbcnews.com,20/04/1989,Apollo,Mystery Kit
LI-0248-38,Dennie,Figgs,Dennie Figgs,dfiggspo@gravatar.com,05/12/1992,Anhee-C,Science
LI-7183-59,Laraine,Locks,Laraine Locks,llockspp@so-net.ne.jp,06/07/1992,Anhee-C,Craft
LI-8927-07,Wesley,Koppeck,Wesley Koppeck,wkoppeckpq@pbs.org,20/10/1990,Anhee-C,Painting
LI-5002-70,Angelica,Liddall,Angelica Liddall,aliddallpr@topsy.com,30/12/1990,Anhee-C,Craft
LI-1064-10,Reinaldos,Hehnke,Reinaldos Hehnke,rhehnkeps@latimes.com,05/02/2004,Phoenix,Mystery Kit
LI-3032-01,Bevan,Rutt,Bevan Rutt,bruttpt@ihg.com,01/05/2004,Agyrap-S,Mystery Kit
LI-4531-89,Andee,Squibb,Andee Squibb,asquibbpu@sina.com.cn,26/01/1991,Agyrap-S,Craft
LI-3755-75,Shandra,Scollick,Shandra Scollick,sscollickpv@nbcnews.com,22/02/1997,Anhee-C,Craft
LI-2308-13,Reeva,Luddy,Reeva Luddy,rluddypw@nymag.com,18/04/2001,Agyrap-S,Craft
LI-2032-23,Ebba,Rupp,Ebba Rupp,erupppx@columbia.edu,09/02/1998,Anhee-C,Science
LI-4371-04,Andrea,Elders,Andrea Elders,aelderspy@github.com,26/06/1997,Sirius,Craft
LI-2853-71,Starr,Orridge,Starr Orridge,sorridgepz@sakura.ne.jp,09/04/2002,Anhee-C,Craft
LI-0974-86,Lamar,Wixon,Lamar Wixon,lwixonq0@nationalgeographic.com,12/03/1998,Agyrap-S,Science
LI-9338-58,Deedee,Margrett,Deedee Margrett,dmargrettq1@cloudflare.com,28/08/1986,Anhee-C,Mystery Kit
LI-6903-54,Harvey,Locard,Harvey Locard,hlocardq2@wiley.com,06/08/1993,Anhee-C,Craft
LI-8924-67,Ajay,Siebart,Ajay Siebart,asiebartq3@opera.com,24/09/1989,Agyrap-S,Craft
LI-9144-80,Babbie,Egger,Babbie Egger,beggerq4@shutterfly.com,20/03/1992,Anhee-C,Craft
LI-1092-13,Rasla,Langman,Rasla Langman,rlangmanq5@reference.com,28/02/1989,Agyrap-S,Craft
LI-3411-85,Georgena,Arrowsmith,Georgena Arrowsmith,garrowsmithq6@blinklist.com,18/09/2001,Anhee-C,Craft
LI-3447-31,Clareta,Blay,Clareta Blay,cblayq7@eventbrite.com,27/06/1997,Anhee-C,Craft
LI-4886-96,Blaire,Demkowicz,Blaire Demkowicz,bdemkowiczq8@wiley.com,03/07/1995,Sirius,Mystery Kit
LI-4128-36,Giles,Lenihan,Giles Lenihan,glenihanq9@4shared.com,23/03/1995,Anhee-C,Craft
LI-6185-53,Mischa,Mackerel,Mischa Mackerel,mmackerelqa@geocities.com,28/12/2000,Agyrap-S,Science
LI-9876-90,Barty,Matussevich,Barty Matussevich,bmatussevichqb@naver.com,25/09/2004,Anhee-C,Science
LI-4124-30,Denis,Wellington,Denis Wellington,dwellingtonqc@paypal.com,11/01/1993,Agyrap-S,Craft
LI-6505-75,Flor,Cruft,Flor Cruft,fcruftqd@cnn.com,07/08/1996,Agyrap-S,Painting
LI-3384-13,Urson,Chellenham,Urson Chellenham,uchellenhamqe@house.gov,19/04/1988,Agyrap-S,Science
LI-9988-07,Aubry,Boneham,Aubry Boneham,abonehamqf@gravatar.com,01/11/1997,Anhee-C,Craft
LI-6002-24,Lizabeth,Gibberd,Lizabeth Gibberd,lgibberdqg@digg.com,13/11/2001,Anhee-C,Craft
LI-0176-03,Vivien,Gimblett,Vivien Gimblett,vgimblettqh@twitter.com,20/11/2003,Apollo,Craft
LI-5517-96,Madel,Leyes,Madel Leyes,mleyesqi@godaddy.com,11/09/1997,Anhee-C,Mystery Kit
LI-7453-54,Marylinda,Workman,Marylinda Workman,mworkmanqj@earthlink.net,27/06/1989,Anhee-C,Science
LI-8269-02,Dotty,Bundey,Dotty Bundey,dbundeyqk@zdnet.com,26/06/1996,Agyrap-S,Craft
LI-6606-08,Halie,Genike,Halie Genike,hgenikeql@cnbc.com,25/10/2000,Apollo,Science
LI-0770-03,Shalom,Hankey,Shalom Hankey,shankeyqm@mysql.com,17/11/1992,Apollo,Knitting
LI-8411-52,Theodosia,Meadmore,Theodosia Meadmore,tmeadmoreqn@dedecms.com,06/05/1987,Apollo,Craft
LI-1020-78,Chryste,Battaille,Chryste Battaille,cbattailleqo@dagondesign.com,01/07/2000,Agyrap-S,Mystery Kit
LI-3357-07,Chandler,Cutress,Chandler Cutress,ccutressqp@zimbio.com,22/05/1989,Anhee-C,Craft
LI-8290-20,Hamish,Terbrug,Hamish Terbrug,hterbrugqq@networkadvertising.org,25/09/1987,Aurora,Craft
LI-8227-13,Lexis,Brough,Lexis Brough,lbroughqr@flickr.com,23/02/2002,Anhee-C,Science
LI-0855-85,Nessi,Aglione,Nessi Aglione,naglioneqs@youtu.be,26/02/1998,Anhee-C,Craft
LI-2290-30,Sherrie,Batten,Sherrie Batten,sbattenqt@alexa.com,20/04/1986,Anhee-C,Craft
LI-1719-09,Jone,Duckitt,Jone Duckitt,jduckittqu@miitbeian.gov.cn,08/09/1989,Agyrap-S,Mystery Kit
LI-1742-59,Olia,Claw,Olia Claw,oclawqv@mail.ru,27/03/2000,Agyrap-S,Craft
LI-8433-57,Carling,Fairhead,Carling Fairhead,cfairheadqw@tinypic.com,09/11/1994,Anhee-C,Craft
LI-5658-60,Truda,Cleugh,Truda Cleugh,tcleughqx@fastcompany.com,11/12/2000,Aurora,Craft
LI-7968-20,Magdalen,Berzen,Magdalen Berzen,mberzenqy@twitter.com,06/06/1998,Anhee-C,Craft
LI-8023-01,Kincaid,Durtnel,Kincaid Durtnel,kdurtnelqz@squarespace.com,31/12/1987,Aurora,Painting
LI-1265-44,Nikki,Martinelli,Nikki Martinelli,nmartinellir0@wordpress.com,05/07/1998,Phoenix,Knitting
LI-7727-29,Elmira,Pomfrett,Elmira Pomfrett,epomfrettr1@independent.co.uk,29/10/1987,Aurora,Craft
LI-9289-98,Dulcia,Caccavella,Dulcia Caccavella,dcaccavellar2@kickstarter.com,15/10/2004,Anhee-C,Science
LI-5068-06,Alexei,Redding,Alexei Redding,areddingr3@goo.ne.jp,10/09/2004,Anhee-C,Craft
LI-9212-84,Hamel,Hanwright,Hamel Hanwright,hhanwrightr4@slashdot.org,20/05/1990,Anhee-C,Craft
LI-1100-85,Flossi,Revance,Flossi Revance,frevancer5@example.com,04/01/1998,Anhee-C,Craft
LI-1852-00,Kendall,Lerigo,Kendall Lerigo,klerigor6@indiegogo.com,04/12/1992,Anhee-C,Painting
LI-1857-74,Raul,Alldis,Raul Alldis,ralldisr7@twitpic.com,29/09/2001,Anhee-C,Kitchen
LI-1656-96,Vally,Wiltsher,Vally Wiltsher,vwiltsherr8@wisc.edu,31/05/1996,Anhee-C,Craft
LI-7747-71,Giovanni,Pyett,Giovanni Pyett,gpyettr9@nsw.gov.au,11/07/1999,Anhee-C,Craft
LI-0024-06,Niel,Ody,Niel Ody,nodyra@xrea.com,21/07/2003,Apollo,Painting
LI-8236-35,Bobbe,McReedy,Bobbe McReedy,bmcreedyrb@pen.io,11/06/2002,Anhee-C,Mystery Kit
LI-0946-30,Gail,Mallebone,Gail Mallebone,gmallebonerc@elegantthemes.com,07/03/1986,Kits Dragon,Painting
LI-7518-12,Averyl,Sleep,Averyl Sleep,asleeprd@dot.gov,07/07/1995,Anhee-C,Craft
LI-8705-11,Heddie,Hillyatt,Heddie Hillyatt,hhillyattre@utexas.edu,17/02/1997,Kits Dragon,Science
LI-5487-92,Agretha,Spurgin,Agretha Spurgin,aspurginrf@wix.com,29/12/1994,Aurora,Craft
LI-3062-67,Brittni,Extence,Brittni Extence,bextencerg@digg.com,06/10/1989,Sirius,Craft
LI-9578-31,Jeremias,MacVanamy,Jeremias MacVanamy,jmacvanamyrh@1688.com,21/01/1996,Anhee-C,Craft
LI-1349-45,Emery,Eckersall,Emery Eckersall,eeckersallri@nationalgeographic.com,12/06/1987,Anhee-C,Craft
LI-3384-68,Reinaldos,De Gouy,Reinaldos De Gouy,rderj@domainmarket.com,20/04/1986,Anhee-C,Science
LI-3623-59,Reade,Carrane,Reade Carrane,rcarranerk@newsvine.com,20/07/1996,Anhee-C,Craft
LI-9050-06,Terry,Gulleford,Terry Gulleford,tgullefordrl@facebook.com,23/04/1996,Anhee-C,Craft
LI-8895-35,Bat,Dorsett,Bat Dorsett,bdorsettrm@fc2.com,21/11/1992,Agyrap-S,Craft
LI-4865-50,Dougy,Doree,Dougy Doree,ddoreern@paypal.com,23/12/1996,Agyrap-S,Craft
LI-6726-78,Gweneth,Oakeby,Gweneth Oakeby,goakebyro@biglobe.ne.jp,09/04/1989,Anhee-C,Knitting
LI-1813-98,Clarita,Butler,Clarita Butler,cbutlerrp@deliciousdays.com,11/01/2001,Apollo,Knitting
LI-8197-95,Albina,Aplin,Albina Aplin,aaplinrq@fastcompany.com,09/10/1993,Anhee-C,Painting
LI-3500-30,Dorian,Hayth,Dorian Hayth,dhaythrr@cornell.edu,29/05/1998,Anhee-C,Science
